-- Insert roles
INSERT INTO roles (name) VALUES ('ADMIN');
INSERT INTO roles (name) VALUES ('LANDLORD');
INSERT INTO roles (name) VALUES ('TENANT');
-- Insert users
INSERT INTO app_user (id, name, surname, email, phone_number, password, role, account_status, verification_status)
VALUES
    ('123e4567-e89b-12d3-a456-426614174315', 'John', 'Doe', 'admin@admin.com', '+1234567890', '$2a$10$peVWSM29zeq95fC5MpvYg.mnSPwUy.CyyxNZ452TcILGezbZraQKS', 'ADMIN', 'ACTIVE', 'VERIFIED'),
    ('123e4567-e89b-12d3-a456-426614174921', 'Jane', 'Smith', 'landlord@landlord.com', '+0987654321', '$2a$10$peVWSM29zeq95fC5MpvYg.mnSPwUy.CyyxNZ452TcILGezbZraQKS', 'LANDLORD', 'ACTIVE', 'VERIFIED'),
    ('123e4567-e89b-12d3-a456-426614178002', 'Mike', 'Johnson', 'tenant@tenant.com', '+1111111111', '$2a$10$peVWSM29zeq95fC5MpvYg.mnSPwUy.CyyxNZ452TcILGezbZraQKS', 'TENANT', 'ACTIVE', 'VERIFIED'),
    ('123e4567-e89b-12d3-a456-426614174005', 'Mike', 'Johnson', 'landlord2@landlord.com', '+1111111191', '$2a$10$peVWSM29zeq95fC5MpvYg.mnSPwUy.CyyxNZ452TcILGezbZraQKS', 'LANDLORD', 'ACTIVE', 'VERIFIED'),
    ('123e4567-e89b-12d3-a456-426614174009', 'Emily', 'Brown', 'landlord3@landlord.com', '+2222222222', '$2a$10$peVWSM29zeq95fC5MpvYg.mnSPwUy.CyyxNZ452TcILGezbZraQKS', 'LANDLORD', 'ACTIVE', 'VERIFIED'),
    ('123e4567-e89b-12d3-a456-426614174012', 'David', 'Wilson', 'landlord4@landlord.com', '+3333333333', '$2a$10$peVWSM29zeq95fC5MpvYg.mnSPwUy.CyyxNZ452TcILGezbZraQKS', 'LANDLORD', 'ACTIVE', 'VERIFIED'),
    ('123e4567-e89b-12d3-a456-426614174013', 'Sarah', 'Taylor', 'landlord5@landlord.com', '+4444444444', '$2a$10$peVWSM29zeq95fC5MpvYg.mnSPwUy.CyyxNZ452TcILGezbZraQKS', 'LANDLORD', 'ACTIVE', 'VERIFIED'),
    ('123e4567-e89b-12d3-a456-426614174014', 'Michael', 'Anderson', 'tenant1@tenant.com', '+5555555555', '$2a$10$peVWSM29zeq95fC5MpvYg.mnSPwUy.CyyxNZ452TcILGezbZraQKS', 'TENANT', 'ACTIVE', 'VERIFIED'),
    ('123e4567-e89b-12d3-a456-426614174015', 'Emma', 'Thomas', 'tenant2@tenant.com', '+6666666666', '$2a$10$peVWSM29zeq95fC5MpvYg.mnSPwUy.CyyxNZ452TcILGezbZraQKS', 'TENANT', 'ACTIVE', 'VERIFIED'),
    ('123e4567-e89b-12d3-a456-426614174016', 'Daniel', 'Jackson', 'tenant3@tenant.com', '+7777777777', '$2a$10$peVWSM29zeq95fC5MpvYg.mnSPwUy.CyyxNZ452TcILGezbZraQKS', 'TENANT', 'ACTIVE', 'VERIFIED'),
    ('123e4567-e89b-12d3-a456-426614174019', 'Olivia', 'White', 'tenant4@tenant.com', '+8888888888', '$2a$10$peVWSM29zeq95fC5MpvYg.mnSPwUy.CyyxNZ452TcILGezbZraQKS', 'TENANT', 'ACTIVE', 'VERIFIED');
-- Insert properties
INSERT INTO properties (id, title, address, price, square_meters, description, is_furnished, number_of_rooms, floor_number, available_from, ad_type, apartment_type, owner_id, district, created_at)
VALUES
    ('123e4567-e89b-12d3-a456-426614174100', 'Cozy Studio', '123 Main St', 800.00, 40, 'A cozy studio apartment in the heart of the city.', 'FURNISHED', 1, 3, '2023-07-01', 'RENTAL', 'ONE_KK', (SELECT id FROM app_user WHERE email = 'landlord@landlord.com'), 'PRAGUE 3', CURRENT_DATE + INTERVAL '1 day' * FLOOR(random() * 7)),
    ('123e4567-e89b-12d3-a456-426614174101', 'Spacious Loft', '456 Oak Ave', 1500.00, 120, 'A spacious loft with modern amenities.', 'SEMI_FURNISHED', 2, 5, '2023-08-01', 'RENTAL', 'TWO_KK', (SELECT id FROM app_user WHERE email = 'landlord@landlord.com'), 'PRAGUE 7', CURRENT_DATE + INTERVAL '1 day' * FLOOR(random() * 7)),
    ('123e4567-e89b-12d3-a456-426614174102', 'Luxury Penthouse', '789 Elm St', 5000.00, 250, 'A luxurious penthouse with stunning city views.', 'FURNISHED', 4, 10, '2023-09-01', 'SALE', 'FOUR_KK', (SELECT id FROM app_user WHERE email = 'landlord2@landlord.com'), 'PRAGUE 1', CURRENT_DATE + INTERVAL '1 day' * FLOOR(random() * 7)),
    ('123e4567-e89b-12d3-a456-426614174103', 'Charming Cottage', '321 Pine Rd', 1200.00, 80, 'A charming cottage in a quiet neighborhood.', 'UNFURNISHED', 2, 1, '2023-07-15', 'RENTAL', 'TWO_KK', (SELECT id FROM app_user WHERE email = 'landlord2@landlord.com'), 'PRAGUE 9', CURRENT_DATE + INTERVAL '1 day' * FLOOR(random() * 7)),
    ('123e4567-e89b-12d3-a456-426614174104', 'Modern Apartment', '654 Maple Ave', 1800.00, 100, 'A modern apartment with high-end finishes.', 'FURNISHED', 3, 6, '2023-08-15', 'RENTAL', 'THREE_KK', (SELECT id FROM app_user WHERE email = 'landlord3@landlord.com'), 'PRAGUE 4', CURRENT_DATE + INTERVAL '1 day' * FLOOR(random() * 7)),
    ('123e4567-e89b-12d3-a456-426614174105', 'Rustic Farmhouse', '987 Cedar Ln', 3000.00, 200, 'A rustic farmhouse with a large garden.', 'UNFURNISHED', 4, 0, '2023-09-15', 'SALE', 'FOUR_KK', (SELECT id FROM app_user WHERE email = 'landlord3@landlord.com'), 'PRAGUE 10', CURRENT_DATE + INTERVAL '1 day' * FLOOR(random() * 7)),
    ('123e4567-e89b-12d3-a456-426614174106', 'Bright Studio', '741 Walnut St', 900.00, 50, 'A bright studio with large windows.', 'SEMI_FURNISHED', 1, 2, '2023-07-01', 'RENTAL', 'ONE_KK', (SELECT id FROM app_user WHERE email = 'landlord4@landlord.com'), 'PRAGUE 6', CURRENT_DATE + INTERVAL '1 day' * FLOOR(random() * 7)),
    ('123e4567-e89b-12d3-a456-426614174107', 'Spacious Townhouse', '852 Birch Rd', 2500.00, 180, 'A spacious townhouse with multiple floors.', 'UNFURNISHED', 4, 0, '2023-08-01', 'SALE', 'FOUR_KK', (SELECT id FROM app_user WHERE email = 'landlord4@landlord.com'), 'PRAGUE 2', CURRENT_DATE + INTERVAL '1 day' * FLOOR(random() * 7)),
    ('123e4567-e89b-12d3-a456-426614174108', 'Cozy Apartment', '963 Oak St', 1100.00, 70, 'A cozy apartment with a balcony.', 'FURNISHED', 2, 4, '2023-09-01', 'RENTAL', 'TWO_KK', (SELECT id FROM app_user WHERE email = 'landlord5@landlord.com'), 'PRAGUE 8', CURRENT_DATE + INTERVAL '1 day' * FLOOR(random() * 7)),
    ('123e4567-e89b-12d3-a456-426614174109', 'Industrial Loft', '159 Elm Ave', 2000.00, 150, 'An industrial loft with exposed brick walls.', 'SEMI_FURNISHED', 3, 7, '2023-07-15', 'RENTAL', 'THREE_KK', (SELECT id FROM app_user WHERE email = 'landlord5@landlord.com'), 'PRAGUE 5', CURRENT_DATE + INTERVAL '1 day' * FLOOR(random() * 7)),
    ('123e4567-e89b-12d3-a456-426614174110', 'Elegant Condo', '753 Maple Rd', 3500.00, 200, 'An elegant condo with modern amenities.', 'FURNISHED', 3, 8, '2023-08-15', 'SALE', 'THREE_KK', (SELECT id FROM app_user WHERE email = 'landlord@landlord.com'), 'PRAGUE 1', CURRENT_DATE + INTERVAL '1 day' * FLOOR(random() * 7)),
    ('123e4567-e89b-12d3-a456-426614174111', 'Charming Bungalow', '951 Pine Ave', 1500.00, 100, 'A charming bungalow with a cozy interior.', 'UNFURNISHED', 2, 0, '2023-09-15', 'RENTAL', 'TWO_KK', (SELECT id FROM app_user WHERE email = 'landlord2@landlord.com'), 'PRAGUE 7', CURRENT_DATE + INTERVAL '1 day' * FLOOR(random() * 7)),
    ('123e4567-e89b-12d3-a456-426614174112', 'Modern Loft', '357 Cedar St', 2200.00, 160, 'A modern loft with an open floor plan.', 'SEMI_FURNISHED', 3, 9, '2023-07-01', 'RENTAL', 'THREE_KK', (SELECT id FROM app_user WHERE email = 'landlord3@landlord.com'), 'PRAGUE 3', CURRENT_DATE + INTERVAL '1 day' * FLOOR(random() * 7)),
    ('123e4567-e89b-12d3-a456-426614174113', 'Spacious Duplex', '246 Walnut Ave', 4000.00, 250, 'A spacious duplex with a private garden.', 'UNFURNISHED', 4, 0, '2023-08-01', 'SALE', 'FOUR_KK', (SELECT id FROM app_user WHERE email = 'landlord4@landlord.com'), 'PRAGUE 9', CURRENT_DATE + INTERVAL '1 day' * FLOOR(random() * 7)),
    ('123e4567-e89b-12d3-a456-426614174114', 'Cozy Cottage', '864 Birch Rd', 1300.00, 90, 'A cozy cottage with a fireplace.', 'FURNISHED', 2, 1, '2023-09-01', 'RENTAL', 'TWO_KK', (SELECT id FROM app_user WHERE email = 'landlord5@landlord.com'), 'PRAGUE 5', CURRENT_DATE + INTERVAL '1 day' * FLOOR(random() * 7)),
    ('123e4567-e89b-12d3-a456-426614174116', 'Rustic Cabin', '951 Elm Ave', 1800.00, 120, 'A rustic cabin in a secluded location.', 'UNFURNISHED', 2, 0, '2023-08-15', 'SALE', 'TWO_KK', (SELECT id FROM app_user WHERE email = 'landlord2@landlord.com'), 'PRAGUE 10', CURRENT_DATE + INTERVAL '1 day' * FLOOR(random() * 7)),
    ('123e4567-e89b-12d3-a456-426614174117', 'Bright Loft', '357 Maple Rd', 2500.00, 200, 'A bright loft with large windows.', 'SEMI_FURNISHED', 3, 6, '2023-09-15', 'RENTAL', 'THREE_KK', (SELECT id FROM app_user WHERE email = 'landlord3@landlord.com'), 'PRAGUE 2', CURRENT_DATE + INTERVAL '1 day' * FLOOR(random() * 7)),
    ('123e4567-e89b-12d3-a456-426614174118', 'Spacious House', '246 Pine Ave', 4500.00, 300, 'A spacious house with multiple bedrooms.', 'UNFURNISHED', 5, 0, '2023-07-01', 'SALE', 'FIVE_KK', (SELECT id FROM app_user WHERE email = 'landlord4@landlord.com'), 'PRAGUE 8', CURRENT_DATE + INTERVAL '1 day' * FLOOR(random() * 7)),
    ('123e4567-e89b-12d3-a456-426614174119', 'Cozy Flat', '864 Cedar St', 1000.00, 60, 'A cozy flat with a modern interior.', 'FURNISHED', 1, 3, '2023-08-01', 'RENTAL', 'ONE_KK', (SELECT id FROM app_user WHERE email = 'landlord5@landlord.com'), 'PRAGUE 4', CURRENT_DATE + INTERVAL '1 day' * FLOOR(random() * 7)),
    ('123e4567-e89b-12d3-a456-426614174120', 'Elegant Duplex', '753 Walnut St', 3800.00, 220, 'An elegant duplex with a spacious layout.', 'SEMI_FURNISHED', 4, 0, '2023-09-15', 'SALE', 'FOUR_KK', (SELECT id FROM app_user WHERE email = 'landlord@landlord.com'), 'PRAGUE 6', CURRENT_DATE + INTERVAL '1 day' * FLOOR(random() * 7)),
    ('123e4567-e89b-12d3-a456-426614174121', 'Modern Studio', '951 Birch Ave', 950.00, 45, 'A modern studio with efficient space utilization.', 'FURNISHED', 1, 5, '2023-07-01', 'RENTAL', 'ONE_KK', (SELECT id FROM app_user WHERE email = 'landlord2@landlord.com'), 'PRAGUE 1', CURRENT_DATE + INTERVAL '1 day' * FLOOR(random() * 7)),
    ('123e4567-e89b-12d3-a456-426614174122', 'Spacious Condo', '357 Oak Rd', 2800.00, 180, 'A spacious condo with a balcony and city views.', 'UNFURNISHED', 3, 7, '2023-08-01', 'SALE', 'THREE_KK', (SELECT id FROM app_user WHERE email = 'landlord3@landlord.com'), 'PRAGUE 9', CURRENT_DATE + INTERVAL '1 day' * FLOOR(random() * 7)),
    ('123e4567-e89b-12d3-a456-426614174123', 'Cozy Bungalow', '246 Elm Ave', 1400.00, 100, 'A cozy bungalow with a charming garden.', 'FURNISHED', 2, 0, '2023-09-01', 'RENTAL', 'TWO_KK', (SELECT id FROM app_user WHERE email = 'landlord4@landlord.com'), 'PRAGUE 3', CURRENT_DATE + INTERVAL '1 day' * FLOOR(random() * 7)),
    ('123e4567-e89b-12d3-a456-426614174124', 'Luxury Penthouse', '864 Maple St', 6000.00, 300, 'A luxury penthouse with panoramic views.', 'FURNISHED', 4, 12, '2023-07-15', 'SALE', 'FOUR_KK', (SELECT id FROM app_user WHERE email = 'landlord5@landlord.com'), 'PRAGUE 7', CURRENT_DATE + INTERVAL '1 day' * FLOOR(random() * 7)),
    ('123e4567-e89b-12d3-a456-426614174125', 'Industrial Loft', '753 Pine Ave', 2100.00, 140, 'An industrial loft with high ceilings and exposed beams.', 'SEMI_FURNISHED', 2, 4, '2023-08-15', 'RENTAL', 'TWO_KK', (SELECT id FROM app_user WHERE email = 'landlord@landlord.com'), 'PRAGUE 5', CURRENT_DATE + INTERVAL '1 day' * FLOOR(random() * 7)),
    ('123e4567-e89b-12d3-a456-426614174126', 'Bright Apartment', '951 Cedar Rd', 1600.00, 90, 'A bright apartment with large windows and natural light.', 'UNFURNISHED', 2, 3, '2023-09-15', 'RENTAL', 'TWO_KK', (SELECT id FROM app_user WHERE email = 'landlord2@landlord.com'), 'PRAGUE 1', CURRENT_DATE + INTERVAL '1 day' * FLOOR(random() * 7)),
    ('123e4567-e89b-12d3-a456-426614174127', 'Spacious Townhouse', '357 Walnut St', 3200.00, 200, 'A spacious townhouse with multiple levels and a garage.', 'UNFURNISHED', 4, 0, '2023-07-01', 'SALE', 'FOUR_KK', (SELECT id FROM app_user WHERE email = 'landlord3@landlord.com'),'PRAGUE 1', CURRENT_DATE + INTERVAL '1 day' * FLOOR(random() * 7)),
    ('123e4567-e89b-12d3-a456-426614174128', 'Cozy Cottage', '246 Birch Ave', 1100.00, 70, 'A cozy cottage with a fireplace and rustic charm.', 'FURNISHED', 1, 1, '2023-08-01', 'RENTAL', 'ONE_KK', (SELECT id FROM app_user WHERE email = 'landlord4@landlord.com'),'PRAGUE 10', CURRENT_DATE + INTERVAL '1 day' * FLOOR(random() * 7)),
    ('123e4567-e89b-12d3-a456-426614174129', 'Elegant Condo', '864 Oak St', 3500.00, 180, 'An elegant condo with modern finishes and amenities.', 'SEMI_FURNISHED', 3, 9, '2023-09-01', 'SALE', 'THREE_KK', (SELECT id FROM app_user WHERE email = 'landlord5@landlord.com'), 'PRAGUE 9',CURRENT_DATE + INTERVAL '1 day' * FLOOR(random() * 7)),
    ('123e4567-e89b-12d3-a456-426614174130', 'Modern Loft', '753 Elm Ave', 2300.00, 160, 'A modern loft with an open concept layout.', 'UNFURNISHED', 2, 6, '2023-07-15', 'RENTAL', 'TWO_KK', (SELECT id FROM app_user WHERE email = 'landlord@landlord.com'), 'PRAGUE 7',CURRENT_DATE + INTERVAL '1 day' * FLOOR(random() * 7)),
    ('123e4567-e89b-12d3-a456-426614174131', 'Spacious Duplex', '951 Maple Rd', 4200.00, 250, 'A spacious duplex with a private backyard.', 'UNFURNISHED', 4, 0, '2023-08-15', 'SALE', 'FOUR_KK', (SELECT id FROM app_user WHERE email = 'landlord2@landlord.com'), 'PRAGUE 3',CURRENT_DATE + INTERVAL '1 day' * FLOOR(random() * 7)),
    ('123e4567-e89b-12d3-a456-426614174132', 'Cozy Apartment', '357 Pine St', 1200.00, 80, 'A cozy apartment with a balcony and city views.', 'FURNISHED', 2, 4, '2023-09-15', 'RENTAL', 'TWO_KK', (SELECT id FROM app_user WHERE email = 'landlord3@landlord.com'), 'PRAGUE 2', CURRENT_DATE + INTERVAL '1 day' * FLOOR(random() * 7)),
    ('123e4567-e89b-12d3-a456-426614174133', 'Luxury Penthouse', '246 Cedar Ave', 5500.00, 280, 'A luxury penthouse with high-end finishes and appliances.', 'FURNISHED', 4, 11, '2023-07-01', 'SALE', 'FOUR_KK', (SELECT id FROM app_user WHERE email = 'landlord4@landlord.com'),'PRAGUE 1', CURRENT_DATE + INTERVAL '1 day' * FLOOR(random() * 7)),
    ('123e4567-e89b-12d3-a456-426614174134', 'Industrial Studio', '864 Walnut St', 1000.00, 55, 'An industrial studio with exposed brick walls.', 'SEMI_FURNISHED', 1, 2, '2023-08-01', 'RENTAL', 'ONE_KK', (SELECT id FROM app_user WHERE email = 'landlord5@landlord.com'), 'PRAGUE 9',CURRENT_DATE + INTERVAL '1 day' * FLOOR(random() * 7)),
    ('123e4567-e89b-12d3-a456-426614174135', 'Bright Loft', '753 Birch Ave', 2600.00, 180, 'A bright loft with floor-to-ceiling windows.', 'UNFURNISHED', 3, 8, '2023-09-01', 'RENTAL', 'THREE_KK', (SELECT id FROM app_user WHERE email = 'landlord@landlord.com'), 'PRAGUE 6',CURRENT_DATE + INTERVAL '1 day' * FLOOR(random() * 7)),
    ('123e4567-e89b-12d3-a456-426614174136', 'Spacious House', '951 Oak Rd', 4800.00, 300, 'A spacious house with a large backyard and patio.', 'UNFURNISHED', 5, 0, '2023-07-15', 'SALE', 'FIVE_KK', (SELECT id FROM app_user WHERE email = 'landlord2@landlord.com'), 'PRAGUE 4',CURRENT_DATE + INTERVAL '1 day' * FLOOR(random() * 7)),
    ('123e4567-e89b-12d3-a456-426614174137', 'Cozy Bungalow', '357 Elm St', 1500.00, 100, 'A cozy bungalow with a charming front porch.', 'FURNISHED', 2, 1, '2023-08-15', 'RENTAL', 'TWO_KK', (SELECT id FROM app_user WHERE email = 'landlord3@landlord.com'), 'PRAGUE 9',CURRENT_DATE + INTERVAL '1 day' * FLOOR(random() * 7)),
    ('123e4567-e89b-12d3-a456-426614174138', 'Elegant Apartment', '246 Maple Ave', 2800.00, 150, 'An elegant apartment with a modern kitchen and bathroom.', 'SEMI_FURNISHED', 3, 5, '2023-09-15', 'RENTAL', 'THREE_KK', (SELECT id FROM app_user WHERE email = 'landlord4@landlord.com'),'PRAGUE 7', CURRENT_DATE + INTERVAL '1 day' * FLOOR(random() * 7)),
    ('123e4567-e89b-12d3-a456-426614174139', 'Luxury Condo', '864 Pine St', 4000.00, 200, 'A luxury condo with a fitness center and pool.', 'FURNISHED', 3, 10, '2023-07-01', 'SALE', 'THREE_KK', (SELECT id FROM app_user WHERE email = 'landlord5@landlord.com'), 'PRAGUE 7',CURRENT_DATE + INTERVAL '1 day' * FLOOR(random() * 7)),
    ('123e4567-e89b-12d3-a456-426614174140', 'Modern Studio', '753 Cedar Ave', 900.00, 50, 'A modern studio with a murphy bed and built-in storage.', 'FURNISHED', 1, 3, '2023-08-01', 'RENTAL', 'ONE_KK', (SELECT id FROM app_user WHERE email = 'landlord@landlord.com'), 'PRAGUE 2',CURRENT_DATE + INTERVAL '1 day' * FLOOR(random() * 7)),
    ('123e4567-e89b-12d3-a456-426614174141', 'Spacious Townhouse', '951 Walnut Rd', 3500.00, 220, 'A spacious townhouse with a rooftop terrace.', 'UNFURNISHED', 4, 0, '2023-09-01', 'SALE', 'FOUR_KK', (SELECT id FROM app_user WHERE email = 'landlord2@landlord.com'), 'PRAGUE 1',CURRENT_DATE + INTERVAL '1 day' * FLOOR(random() * 7)),
    ('123e4567-e89b-12d3-a456-426614174142', 'Cozy Cottage', '357 Birch St', 1300.00, 90, 'A cozy cottage with a wood-burning stove.', 'FURNISHED', 2, 0, '2023-07-15', 'RENTAL', 'TWO_KK', (SELECT id FROM app_user WHERE email = 'landlord3@landlord.com'), 'PRAGUE 10',CURRENT_DATE + INTERVAL '1 day' * FLOOR(random() * 7)),
    ('123e4567-e89b-12d3-a456-426614174143', 'Industrial Loft', '246 Oak Ave', 2200.00, 140, 'An industrial loft with concrete floors and exposed ductwork.', 'SEMI_FURNISHED', 2, 7, '2023-08-15', 'RENTAL', 'TWO_KK', (SELECT id FROM app_user WHERE email = 'landlord4@landlord.com'), 'PRAGUE 9',CURRENT_DATE + INTERVAL '1 day' * FLOOR(random() * 7)),
    ('123e4567-e89b-12d3-a456-426614174144', 'Bright Apartment', '864 Elm St', 1800.00, 110, 'A bright apartment with a breakfast nook and pantry.', 'UNFURNISHED', 2, 4, '2023-09-15', 'RENTAL', 'TWO_KK', (SELECT id FROM app_user WHERE email = 'landlord5@landlord.com'),'PRAGUE 3', CURRENT_DATE + INTERVAL '1 day' * FLOOR(random() * 7)),
    ('123e4567-e89b-12d3-a456-426614174145', 'Spacious Duplex', '753 Maple Ave', 4500.00, 280, 'A spacious duplex with a home office and gym.', 'UNFURNISHED', 4, 0, '2023-07-01', 'SALE', 'FOUR_KK', (SELECT id FROM app_user WHERE email = 'landlord@landlord.com'), 'PRAGUE 2',CURRENT_DATE + INTERVAL '1 day' * FLOOR(random() * 7)),
    ('123e4567-e89b-12d3-a456-426614174146', 'Cozy Studio', '951 Pine Rd', 850.00, 40, 'A cozy studio with a loft bed and storage stairs.', 'FURNISHED', 1, 6, '2023-08-01', 'RENTAL', 'ONE_KK', (SELECT id FROM app_user WHERE email = 'landlord2@landlord.com'), 'PRAGUE 1',CURRENT_DATE + INTERVAL '1 day' * FLOOR(random() * 7)),
    ('123e4567-e89b-12d3-a456-426614174147', 'Elegant Condo', '357 Cedar St', 3200.00, 180, 'An elegant condo with a formal dining room and den.', 'SEMI_FURNISHED', 3, 8, '2023-09-01', 'SALE', 'THREE_KK', (SELECT id FROM app_user WHERE email = 'landlord3@landlord.com'), 'PRAGUE 5',CURRENT_DATE + INTERVAL '1 day' * FLOOR(random() * 7)),
    ('123e4567-e89b-12d3-a456-426614174148', 'Modern Loft', '246 Walnut Ave', 2500.00, 160, 'A modern loft with a floating staircase and skylights.', 'UNFURNISHED', 2, 9, '2023-07-15', 'RENTAL', 'TWO_KK', (SELECT id FROM app_user WHERE email = 'landlord4@landlord.com'), 'PRAGUE 6',CURRENT_DATE + INTERVAL '1 day' * FLOOR(random() * 7)),
    ('123e4567-e89b-12d3-a456-426614174149', 'Luxury Penthouse', '864 Birch St', 6500.00, 320, 'A luxury penthouse with a private elevator and terrace.', 'FURNISHED', 4, 13, '2023-08-15', 'SALE', 'FOUR_KK', (SELECT id FROM app_user WHERE email = 'landlord5@landlord.com'), 'PRAGUE 7',CURRENT_DATE + INTERVAL '1 day' * FLOOR(random() * 7)),
    ('123e4567-e89b-12d3-a456-426614174150', 'Spacious Apartment', '123 Oak St', 1500.00, 100, 'A spacious apartment with a balcony and city views.', 'UNFURNISHED', 3, 5, '2023-09-15', 'RENTAL', 'THREE_KK', (SELECT id FROM app_user WHERE email = 'landlord@landlord.com'), 'PRAGUE 8',CURRENT_DATE + INTERVAL '1 day' * FLOOR(random() * 7)),
    ('123e4567-e89b-12d3-a456-426614174151', 'Cozy Studio', '456 Elm Ave', 800.00, 45, 'A cozy studio with a kitchenette and built-in storage.', 'FURNISHED', 1, 2, '2023-07-01', 'RENTAL', 'ONE_KK', (SELECT id FROM app_user WHERE email = 'landlord2@landlord.com'),'PRAGUE 9', CURRENT_DATE + INTERVAL '1 day' * FLOOR(random() * 7)),
    ('123e4567-e89b-12d3-a456-426614174152', 'Luxury Condo', '789 Maple Rd', 3800.00, 200, 'A luxury condo with high-end finishes and amenities.', 'SEMI_FURNISHED', 3, 9, '2023-08-01', 'SALE', 'THREE_KK', (SELECT id FROM app_user WHERE email = 'landlord3@landlord.com'),'PRAGUE 9',CURRENT_DATE + INTERVAL '1 day' * FLOOR(random() * 7)),
    ('123e4567-e89b-12d3-a456-426614174153', 'Modern Loft', '321 Pine St', 2200.00, 140, 'A modern loft with an open floor plan and industrial touches.', 'UNFURNISHED', 2, 7, '2023-09-01', 'RENTAL', 'TWO_KK', (SELECT id FROM app_user WHERE email = 'landlord4@landlord.com'), 'PRAGUE 3',CURRENT_DATE + INTERVAL '1 day' * FLOOR(random() * 7)),
    ('123e4567-e89b-12d3-a456-426614174154', 'Bright Apartment', '654 Cedar Ave', 1800.00, 110, 'A bright apartment with large windows and natural light.', 'FURNISHED', 2, 4, '2023-07-15', 'RENTAL', 'TWO_KK', (SELECT id FROM app_user WHERE email = 'landlord5@landlord.com'), 'PRAGUE 2',CURRENT_DATE + INTERVAL '1 day' * FLOOR(random() * 7)),
    ('123e4567-e89b-12d3-a456-426614174155', 'Spacious Townhouse', '987 Walnut Rd', 3500.00, 220, 'A spacious townhouse with multiple levels and a garage.', 'UNFURNISHED', 4, 0, '2023-08-15', 'SALE', 'FOUR_KK', (SELECT id FROM app_user WHERE email = 'landlord@landlord.com'), 'PRAGUE 1',CURRENT_DATE + INTERVAL '1 day' * FLOOR(random() * 7)),
    ('123e4567-e89b-12d3-a456-426614174156', 'Cozy Cottage', '741 Birch St', 1300.00, 90, 'A cozy cottage with a fireplace and charming details.', 'FURNISHED', 2, 1, '2023-09-15', 'RENTAL', 'TWO_KK', (SELECT id FROM app_user WHERE email = 'landlord2@landlord.com'),'PRAGUE 8', CURRENT_DATE + INTERVAL '1 day' * FLOOR(random() * 7)),
    ('123e4567-e89b-12d3-a456-426614174157', 'Elegant Duplex', '852 Oak Ave', 4200.00, 250, 'An elegant duplex with a private backyard and patio.', 'SEMI_FURNISHED', 4, 0, '2023-07-01', 'SALE', 'FOUR_KK', (SELECT id FROM app_user WHERE email = 'landlord3@landlord.com'), 'PRAGUE 7',CURRENT_DATE + INTERVAL '1 day' * FLOOR(random() * 7)),
    ('123e4567-e89b-12d3-a456-426614174158', 'Industrial Studio', '963 Elm Rd', 1000.00, 55, 'An industrial studio with exposed brick walls and concrete floors.', 'UNFURNISHED', 1, 3, '2023-08-01', 'RENTAL', 'ONE_KK', (SELECT id FROM app_user WHERE email = 'landlord4@landlord.com'),'PRAGUE 10', CURRENT_DATE + INTERVAL '1 day' * FLOOR(random() * 7)),
    ('123e4567-e89b-12d3-a456-426614174159', 'Luxury Penthouse', '159 Maple St', 6000.00, 300, 'A luxury penthouse with panoramic views and high-end amenities.', 'FURNISHED', 4, 12, '2023-09-01', 'SALE', 'FOUR_KK', (SELECT id FROM app_user WHERE email = 'landlord5@landlord.com'),'PRAGUE 10', CURRENT_DATE + INTERVAL '1 day' * FLOOR(random() * 7)),
    ('123e4567-e89b-12d3-a456-426614174160', 'Spacious Condo', '753 Pine Ave', 2800.00, 180, 'A spacious condo with a modern kitchen and bathroom.', 'UNFURNISHED', 3, 6, '2023-07-15', 'SALE', 'THREE_KK', (SELECT id FROM app_user WHERE email = 'landlord@landlord.com'), 'PRAGUE 7',CURRENT_DATE + INTERVAL '1 day' * FLOOR(random() * 7)),
    ('123e4567-e89b-12d3-a456-426614174161', 'Cozy Bungalow', '951 Cedar Rd', 1500.00, 100, 'A cozy bungalow with a front porch and backyard.', 'FURNISHED', 2, 0, '2023-08-15', 'RENTAL', 'TWO_KK', (SELECT id FROM app_user WHERE email = 'landlord2@landlord.com'), 'PRAGUE 8',CURRENT_DATE + INTERVAL '1 day' * FLOOR(random() * 7)),
    ('123e4567-e89b-12d3-a456-426614174162', 'Modern Apartment', '357 Walnut St', 2200.00, 130, 'A modern apartment with a balcony and city views.', 'SEMI_FURNISHED', 2, 8, '2023-09-15', 'RENTAL', 'TWO_KK', (SELECT id FROM app_user WHERE email = 'landlord3@landlord.com'),'PRAGUE 1', CURRENT_DATE + INTERVAL '1 day' * FLOOR(random() * 7)),
    ('123e4567-e89b-12d3-a456-426614174163', 'Bright Loft', '246 Birch Ave', 2600.00, 160, 'A bright loft with floor-to-ceiling windows and an open layout.', 'UNFURNISHED', 3, 5, '2023-07-01', 'RENTAL', 'THREE_KK', (SELECT id FROM app_user WHERE email = 'landlord4@landlord.com'), 'PRAGUE 2',CURRENT_DATE + INTERVAL '1 day' * FLOOR(random() * 7)),
    ('123e4567-e89b-12d3-a456-426614174164', 'Elegant Townhouse', '864 Oak Rd', 4500.00, 280, 'An elegant townhouse with a rooftop terrace and garage.', 'UNFURNISHED', 4, 0, '2023-08-01', 'SALE', 'FOUR_KK', (SELECT id FROM app_user WHERE email = 'landlord5@landlord.com'), 'PRAGUE 3',CURRENT_DATE + INTERVAL '1 day' * FLOOR(random() * 7)),
    ('123e4567-e89b-12d3-a456-426614174165', 'Industrial Loft', '753 Elm St', 2100.00, 120, 'An industrial loft with high ceilings and exposed ductwork.', 'SEMI_FURNISHED', 2, 4, '2023-09-01', 'RENTAL', 'TWO_KK', (SELECT id FROM app_user WHERE email = 'landlord@landlord.com'), 'PRAGUE 4',CURRENT_DATE + INTERVAL '1 day' * FLOOR(random() * 7)),
    ('123e4567-e89b-12d3-a456-426614174166', 'Spacious Duplex', '951 Maple Ave', 3800.00, 240, 'A spacious duplex with a private garden and patio.', 'UNFURNISHED', 4, 0, '2023-07-15', 'SALE', 'FOUR_KK', (SELECT id FROM app_user WHERE email = 'landlord2@landlord.com'), 'PRAGUE 5',CURRENT_DATE + INTERVAL '1 day' * FLOOR(random() * 7)),
    ('123e4567-e89b-12d3-a456-426614174167', 'Cozy Apartment', '357 Pine Rd', 1200.00, 80, 'A cozy apartment with a breakfast nook and pantry.', 'FURNISHED', 2, 3, '2023-08-15', 'RENTAL', 'TWO_KK', (SELECT id FROM app_user WHERE email = 'landlord3@landlord.com'), 'PRAGUE 6',CURRENT_DATE + INTERVAL '1 day' * FLOOR(random() * 7)),
    ('123e4567-e89b-12d3-a456-426614174168', 'Luxury Condo', '246 Cedar St', 4000.00, 220, 'A luxury condo with a fitness center and pool.', 'SEMI_FURNISHED', 3, 10, '2023-09-15', 'SALE', 'THREE_KK', (SELECT id FROM app_user WHERE email = 'landlord4@landlord.com'), 'PRAGUE 7',CURRENT_DATE + INTERVAL '1 day' * FLOOR(random() * 7)),
    ('123e4567-e89b-12d3-a456-426614174169', 'Modern Studio', '864 Walnut Ave', 900.00, 50, 'A modern studio with a murphy bed and built-in storage.', 'FURNISHED', 1, 2, '2023-07-01', 'RENTAL', 'ONE_KK', (SELECT id FROM app_user WHERE email = 'landlord5@landlord.com'), 'PRAGUE 8',CURRENT_DATE + INTERVAL '1 day' * FLOOR(random() * 7)),
    ('123e4567-e89b-12d3-a456-426614174170', 'Bright Apartment', '753 Birch Rd', 1800.00, 110, 'A bright apartment with large windows and a balcony.', 'UNFURNISHED', 2, 6, '2023-08-01', 'RENTAL', 'TWO_KK', (SELECT id FROM app_user WHERE email = 'landlord@landlord.com'), 'PRAGUE 9',CURRENT_DATE + INTERVAL '1 day' * FLOOR(random() * 7)),
    ('123e4567-e89b-12d3-a456-426614174171', 'Spacious House', '951 Oak St', 4800.00, 300, 'A spacious house with multiple bedrooms and a large backyard.', 'UNFURNISHED', 5, 0, '2023-09-01', 'SALE', 'FIVE_KK', (SELECT id FROM app_user WHERE email = 'landlord2@landlord.com'), 'PRAGUE 10',CURRENT_DATE + INTERVAL '1 day' * FLOOR(random() * 7)),
    ('123e4567-e89b-12d3-a456-426614174172', 'Cozy Bungalow', '357 Elm Ave', 1500.00, 100, 'A cozy bungalow with a charming front porch and fireplace.', 'FURNISHED', 2, 1, '2023-07-15', 'RENTAL', 'TWO_KK', (SELECT id FROM app_user WHERE email = 'landlord3@landlord.com'), 'PRAGUE 7',CURRENT_DATE + INTERVAL '1 day' * FLOOR(random() * 7)),
    ('123e4567-e89b-12d3-a456-426614174173', 'Elegant Apartment', '246 Maple Rd', 2800.00, 150, 'An elegant apartment with a modern kitchen and bathroom.', 'SEMI_FURNISHED', 3, 7, '2023-08-15', 'RENTAL', 'THREE_KK', (SELECT id FROM app_user WHERE email = 'landlord4@landlord.com'),'PRAGUE 1', CURRENT_DATE + INTERVAL '1 day' * FLOOR(random() * 7)),
    ('123e4567-e89b-12d3-a456-426614174174', 'Luxury Penthouse', '864 Pine St', 6500.00, 320, 'A luxury penthouse with a private elevator and terrace.', 'FURNISHED', 4, 14, '2023-09-15', 'SALE', 'FOUR_KK', (SELECT id FROM app_user WHERE email = 'landlord5@landlord.com'),'PRAGUE 7', CURRENT_DATE + INTERVAL '1 day' * FLOOR(random() * 7)),
    ('123e4567-e89b-12d3-a456-426614174175', 'Modern Loft', '753 Cedar Ave', 2500.00, 160, 'A modern loft with an open concept layout and skylights.', 'UNFURNISHED', 3, 5, '2023-07-01', 'RENTAL', 'THREE_KK', (SELECT id FROM app_user WHERE email = 'landlord@landlord.com'), 'PRAGUE 10',CURRENT_DATE + INTERVAL '1 day' * FLOOR(random() * 7)),
    ('123e4567-e89b-12d3-a456-426614174176', 'Spacious Townhouse', '951 Walnut Rd', 3500.00, 220, 'A spacious townhouse with a rooftop terrace and garage.', 'UNFURNISHED', 4, 0, '2023-08-01', 'SALE', 'FOUR_KK', (SELECT id FROM app_user WHERE email = 'landlord2@landlord.com'), 'PRAGUE 9',CURRENT_DATE + INTERVAL '1 day' * FLOOR(random() * 7)),
    ('123e4567-e89b-12d3-a456-426614174177', 'Cozy Cottage', '357 Birch St', 1300.00, 90, 'A cozy cottage with a wood-burning stove and charming details.', 'FURNISHED', 2, 0, '2023-09-01', 'RENTAL', 'TWO_KK', (SELECT id FROM app_user WHERE email = 'landlord3@landlord.com'), 'PRAGUE 8',CURRENT_DATE + INTERVAL '1 day' * FLOOR(random() * 7)),
    ('123e4567-e89b-12d3-a456-426614174178', 'Industrial Studio', '246 Oak Ave', 1000.00, 55, 'An industrial studio with exposed brick walls and concrete floors.', 'SEMI_FURNISHED', 1, 4, '2023-07-15', 'RENTAL', 'ONE_KK', (SELECT id FROM app_user WHERE email = 'landlord4@landlord.com'), 'PRAGUE 4',CURRENT_DATE + INTERVAL '1 day' * FLOOR(random() * 7)),
    ('123e4567-e89b-12d3-a456-426614174179', 'Bright Apartment', '864 Elm Rd', 1800.00, 110, 'A bright apartment with a breakfast nook and pantry.', 'UNFURNISHED', 2, 3, '2023-08-15', 'RENTAL', 'TWO_KK', (SELECT id FROM app_user WHERE email = 'landlord5@landlord.com'),'PRAGUE 5', CURRENT_DATE + INTERVAL '1 day' * FLOOR(random() * 7)),
    ('123e4567-e89b-12d3-a456-426614174180', 'Spacious Duplex', '753 Maple St', 4500.00, 280, 'A spacious duplex with a home office and gym.', 'UNFURNISHED', 4, 0, '2023-09-15', 'SALE', 'FOUR_KK', (SELECT id FROM app_user WHERE email = 'landlord@landlord.com'),'PRAGUE 1', CURRENT_DATE + INTERVAL '1 day' * FLOOR(random() * 7)),
    ('123e4567-e89b-12d3-a456-426614174181', 'Cozy Studio', '951 Pine Ave', 850.00, 40, 'A cozy studio with a loft bed and storage stairs.', 'FURNISHED', 1, 5, '2023-07-01', 'RENTAL', 'ONE_KK', (SELECT id FROM app_user WHERE email = 'landlord2@landlord.com'), 'PRAGUE 2',CURRENT_DATE + INTERVAL '1 day' * FLOOR(random() * 7)),
    ('123e4567-e89b-12d3-a456-426614174182', 'Elegant Condo', '357 Cedar Rd', 3200.00, 180, 'An elegant condo with a formal dining room and den.', 'SEMI_FURNISHED', 3, 9, '2023-08-01', 'SALE', 'THREE_KK', (SELECT id FROM app_user WHERE email = 'landlord3@landlord.com'),'PRAGUE 10', CURRENT_DATE + INTERVAL '1 day' * FLOOR(random() * 7));
UPDATE properties SET status = 'VERIFIED' WHERE status IS NULL OR status != 'VERIFIED';
-- Insert images
INSERT INTO images (id, created_at, file_name, property_id) VALUES
                                                                ('60e785e7-d3b4-4dfa-bb82-97f09e667482', '2024-05-27 22:55:29.6N00000', '3a49904b-0705-4a32-a36c-3fd7bd51de54_49_bathroom.jpg', '123e4567-e89b-12d3-a456-426614174100'),
                                                                ('074fc213-89e1-4a08-8977-a332bab4005c', '2024-05-27 22:55:29.6N00000', '25daea7f-7bc5-4c8a-8bd4-4bc103d30d79_320_bedroom.jpg', '123e4567-e89b-12d3-a456-426614174100'),
                                                                ('0b32f5a6-5005-4807-a34e-37e1960f7957', '2024-05-27 22:55:29.6N00000', '80389215-958b-4073-b9a9-ff10ddabc73e_300_kitchen.jpg', '123e4567-e89b-12d3-a456-426614174100'),
                                                                ('682ebd20-0b52-45c3-943d-2f900ce86775', '2024-05-27 22:55:29.6N00000', 'fd5efceb-f092-4a95-aa39-c9bea8bd22cf_259_frontal.jpg', '123e4567-e89b-12d3-a456-426614174100'),
                                                                ('76d781e2-436f-431c-beac-f8aa49222cba', '2024-05-27 22:55:29.6N00000', '5b52e4d7-6481-4eec-b6a2-56ab36337105_169_bedroom.jpg', '123e4567-e89b-12d3-a456-426614174101'),
                                                                ('3e432aba-6fe5-41af-a078-812278117fd2', '2024-05-27 22:55:29.6N00000', 'c7b45fbb-e742-496e-8f80-162dc27fc85b_8_kitchen.jpg', '123e4567-e89b-12d3-a456-426614174101'),
                                                                ('88f98d8f-57d8-407a-b122-a2104f21b248', '2024-05-27 22:55:29.6N00000', 'efe99cad-d9a1-4386-8062-f6ee4e89c0a0_439_bedroom.jpg', '123e4567-e89b-12d3-a456-426614174101'),
                                                                ('d3a909bc-c7b8-4bf2-8a66-37162856ee23', '2024-05-27 22:55:29.6N00000', '6cf75fa9-cc1a-4106-a359-d664f85b3ad9_419_kitchen.jpg', '123e4567-e89b-12d3-a456-426614174101'),
                                                                ('d73a3790-7118-40bd-81dc-bc899f08eea0', '2024-05-27 22:55:29.6N00000', '5a5ff018-60fd-4eca-bf34-25a40a934311_149_kitchen.jpg', '123e4567-e89b-12d3-a456-426614174102'),
                                                                ('e6017bae-b710-4885-916e-9d0340c5da01', '2024-05-27 22:55:29.6N00000', '9759862c-5d2f-4258-be8d-16814a735def_15_frontal.jpg', '123e4567-e89b-12d3-a456-426614174102'),
                                                                ('dc8bc778-92a3-4c98-a454-a8b49d632f84', '2024-05-27 22:55:29.6N00000', '94b9dcd2-45fe-48b3-8113-a5680264f8b8_172_frontal.jpg', '123e4567-e89b-12d3-a456-426614174102'),
                                                                ('0db2f1fe-52fe-4913-a368-a9fb15497723', '2024-05-27 22:55:29.6N00000', '99af68a0-efe5-4660-8578-7896c8d30825_422_frontal.jpg', '123e4567-e89b-12d3-a456-426614174102'),
                                                                ('24f327dc-6c10-4ecc-95d3-2c422c3765ed', '2024-05-27 22:55:29.6N00000', '8f4ef2b5-027c-4934-98df-1042c4db570f_194_bedroom.jpg', '123e4567-e89b-12d3-a456-426614174103'),
                                                                ('48d32722-e441-4a27-a0fc-dd0475afa3da', '2024-05-27 22:55:29.6N00000', '2d6caf8e-addd-4784-9e62-11196793ec55_242_bedroom.jpg', '123e4567-e89b-12d3-a456-426614174103'),
                                                                ('001e5b42-adf6-44db-a9ac-efff577868f2', '2024-05-27 22:55:29.6N00000', 'b1c3bc8b-ff63-4f6a-b2d7-ace5a73a16fb_262_kitchen.jpg', '123e4567-e89b-12d3-a456-426614174103'),
                                                                ('f8b51bfb-705e-4a3d-be21-ab1890acc979', '2024-05-27 22:55:29.6N00000', 'd77a7d34-b207-4424-aa94-ca3b851ec1bc_350_bedroom.jpg', '123e4567-e89b-12d3-a456-426614174103'),
                                                                ('83ed639a-30f4-421a-af5d-f8a1016dbc9c', '2024-05-27 22:55:29.6N00000', '691c7967-3db5-4fb4-9d78-e531a0d11bd1_229_frontal.jpg', '123e4567-e89b-12d3-a456-426614174104'),
                                                                ('ea897cc5-9fd5-4c70-845c-0c9a2187d77f', '2024-05-27 22:55:29.6N00000', '9ea2ab01-43ab-474f-a402-84d52c1312fb_370_kitchen.jpg', '123e4567-e89b-12d3-a456-426614174104'),
                                                                ('2e5e97c7-66d2-47d3-ab36-c32f95946432', '2024-05-27 22:55:29.6N00000', '12abd96a-cc6d-4ddd-badc-e787e4cfff7c_158_bathroom.jpg', '123e4567-e89b-12d3-a456-426614174104'),
                                                                ('75565080-f817-46be-b179-b666083b9f08', '2024-05-27 22:55:29.6N00000', 'e8dfa202-6548-446e-81c2-ec2af91c562e_119_bedroom.jpg', '123e4567-e89b-12d3-a456-426614174104'),
                                                                ('91d9221f-d400-4600-8d4f-890ea1d5bb65', '2024-05-27 22:55:29.6N00000', '98133203-27ac-45d2-bd08-d9f66d831e36_449_bedroom.jpg', '123e4567-e89b-12d3-a456-426614174105'),
                                                                ('a5ef10ae-dea1-4d6e-a2eb-197767a7409e', '2024-05-27 22:55:29.6N00000', '8e47c7df-0049-4ccb-93cf-d0afe1c3064c_83_bedroom.jpg', '123e4567-e89b-12d3-a456-426614174105'),
                                                                ('f2e77b65-f8d0-40f0-b6da-05ad44a01b0f', '2024-05-27 22:55:29.6N00000', '9d3f4dab-0c77-4257-8f4a-946a749c418e_469_kitchen.jpg', '123e4567-e89b-12d3-a456-426614174105'),
                                                                ('0da37c8e-578f-491c-ba2e-d36bea863dd1', '2024-05-27 22:55:29.6N00000', '6febf7a9-d807-4766-b9ed-3df9f9f889f8_65_frontal.jpg', '123e4567-e89b-12d3-a456-426614174105'),
                                                                ('ce37a961-98a6-4c26-ba5f-5f7fd60f8ca0', '2024-05-27 22:55:29.6N00000', '3cdc0347-b996-4d8d-9d0d-8fd0726c9e54_139_kitchen.jpg', '123e4567-e89b-12d3-a456-426614174106'),
                                                                ('7882f3eb-72ec-4ae4-b5f3-8a3d0690acfb', '2024-05-27 22:55:29.6N00000', '63f1d644-251f-4a9a-9336-d6ae214bcb67_530_frontal.jpg', '123e4567-e89b-12d3-a456-426614174106'),
                                                                ('92d98f32-2a18-492e-b87c-072f9e83ca72', '2024-05-27 22:55:29.6N00000', 'cd52f7cf-af3b-4e21-8bc4-6fb053218476_98_frontal.jpg', '123e4567-e89b-12d3-a456-426614174106'),
                                                                ('d9575b9f-8311-4470-af8b-2242c1910d6a', '2024-05-27 22:55:29.6N00000', 'ff8e41dc-17c4-40a7-ac00-6f4436de1fbf_494_kitchen.jpg', '123e4567-e89b-12d3-a456-426614174106'),
                                                                ('79e8a02a-b3cd-4c42-9281-cc5a1dd4c90f', '2024-05-27 22:55:29.6N00000', '283e3f00-9ce3-4424-b41f-a53b4cd7bcbc_102_frontal.jpg', '123e4567-e89b-12d3-a456-426614174107'),
                                                                ('bfb9c193-aeea-48df-b854-2568cd2c34c2', '2024-05-27 22:55:29.6N00000', '29063492-6c47-48aa-9e33-b33e66d5797e_452_frontal.jpg', '123e4567-e89b-12d3-a456-426614174107'),
                                                                ('8915fcee-324b-4f69-a5ca-ced4544339d8', '2024-05-27 22:55:29.6N00000', '274cb268-07b2-4b30-a70a-8bdeb0c46ab8_232_bedroom.jpg', '123e4567-e89b-12d3-a456-426614174107'),
                                                                ('85a0bf09-48c9-42bf-b000-7a3075c06715', '2024-05-27 22:55:29.6N00000', '95f31258-8ae4-44b6-a6c6-76d24efee936_212_kitchen.jpg', '123e4567-e89b-12d3-a456-426614174107'),
                                                                ('00f90e2b-5b74-41fe-b55f-b9b6e4a928c8', '2024-05-27 22:55:29.6N00000', '4bd7fa20-b5c1-43e5-a821-c0a6d78d86ce_230_bathroom.jpg', '123e4567-e89b-12d3-a456-426614174108'),
                                                                ('fa14cfcf-913a-438c-af6d-12330b76e508', '2024-05-27 22:55:29.6N00000', 'cd1f2ae0-23be-42b3-a365-8d6b7905a8de_265_bathroom.jpg', '123e4567-e89b-12d3-a456-426614174108'),
                                                                ('cd153e48-0391-4b4f-9715-2c447e438e42', '2024-05-27 22:55:29.6N00000', 'a7a88250-3f79-48ea-bdac-454af04a72a1_315_frontal.jpg', '123e4567-e89b-12d3-a456-426614174108'),
                                                                ('1536e7bc-b5ca-4dec-bfc2-b096ee790382', '2024-05-27 22:55:29.6N00000', '1cd55d6d-0eef-40d6-b0e1-fbf258c4699b_20_bedroom.jpg', '123e4567-e89b-12d3-a456-426614174108'),
                                                                ('abe7d3a1-2c97-4e65-9901-8d1f3463a29f', '2024-05-27 22:55:29.6N00000', '40cd07f0-dfae-4729-8850-6c594749288b_514_bathroom.jpg', '123e4567-e89b-12d3-a456-426614174109'),
                                                                ('29a6ec04-9381-414a-ac9c-5aceed9764c5', '2024-05-27 22:55:29.6N00000', '30f47ede-49b5-448f-870e-3d80c034bda9_417_bedroom.jpg', '123e4567-e89b-12d3-a456-426614174109'),
                                                                ('922cca3e-041a-4398-8140-71a397566e9a', '2024-05-27 22:55:29.6N00000', 'e66964d1-3c68-4ca9-867d-9a04ebba383f_436_bathroom.jpg', '123e4567-e89b-12d3-a456-426614174109'),
                                                                ('02e05d07-f0ff-4904-b336-ffb9fb91fd5f', '2024-05-27 22:55:29.6N00000', '102f431b-8433-4e90-b5e2-f4d184ae3f6e_147_bedroom.jpg', '123e4567-e89b-12d3-a456-426614174109'),
                                                                ('0a2b132e-64c3-46a9-b0e5-94f889a2332a', '2024-05-27 22:55:29.6N00000', '378f68b2-f656-4840-b28c-4683fb878ff8_463_bathroom.jpg', '123e4567-e89b-12d3-a456-426614174110'),
                                                                ('e561e04a-8322-4166-9119-24464d09bcad', '2024-05-27 22:55:29.6N00000', 'a29b3d41-29c2-4638-86f6-60bb6c32045f_167_kitchen.jpg', '123e4567-e89b-12d3-a456-426614174110'),
                                                                ('79cea833-5b10-4587-8630-8e85803757b2', '2024-05-27 22:55:29.6N00000', '43759273-e159-4afd-b535-b39beef06bba_6_bedroom.jpg', '123e4567-e89b-12d3-a456-426614174110'),
                                                                ('88654e41-cceb-49fa-95aa-1a44d85a476d', '2024-05-27 22:55:29.6N00000', 'b54c1a0f-af80-4282-be79-ab9e696b38ab_437_kitchen.jpg', '123e4567-e89b-12d3-a456-426614174110'),
                                                                ('855cb379-2a9d-4d4b-9e1d-ead458479af2', '2024-05-27 22:55:29.6N00000', '462e43ab-48f1-400f-a3f5-ccdeb509ea73_312_bathroom.jpg', '123e4567-e89b-12d3-a456-426614174111'),
                                                                ('f0ec56ab-111b-4bfc-a451-c9c8ab423091', '2024-05-27 22:55:29.6N00000', 'dabaa0a7-bb39-42ae-baea-8139491ec0b5_347_bathroom.jpg', '123e4567-e89b-12d3-a456-426614174111'),
                                                                ('cfb403ec-9d49-4334-a5de-03f5c5fbf147', '2024-05-27 22:55:29.6N00000', 'ad0013bc-ac9f-4e8a-b40a-0956427ec63d_291_bedroom.jpg', '123e4567-e89b-12d3-a456-426614174111'),
                                                                ('25c8b07f-12dc-4af7-8258-9de0c481958f', '2024-05-27 22:55:29.6N00000', 'd66dfd12-6793-4124-a997-0f1588aa73bb_277_frontal.jpg', '123e4567-e89b-12d3-a456-426614174111'),
                                                                ('b8e5e19b-cb27-43e3-b249-f9b84205115c', '2024-05-27 22:55:29.6N00000', '70f4d341-f893-43f9-abcb-664398669433_237_bathroom.jpg', '123e4567-e89b-12d3-a456-426614174112'),
                                                                ('194f093a-69d0-4e61-902c-c0b77fca9399', '2024-05-27 22:55:29.6N00000', 'ed50587a-045b-4379-a7ea-98e8f7ab1211_262_bathroom.jpg', '123e4567-e89b-12d3-a456-426614174112'),
                                                                ('a2ec32ae-82c4-4a51-b45c-6593a7d7c5ef', '2024-05-27 22:55:29.6N00000', 'ef933d4f-ae1b-4292-a0c8-3df0c95dc4ae_365_frontal.jpg', '123e4567-e89b-12d3-a456-426614174112'),
                                                                ('3e6a4908-645e-4aba-87c0-250801624396', '2024-05-27 22:55:29.6N00000', '5e75cade-7dc3-4ec5-b3f6-4d068106a632_383_bedroom.jpg', '123e4567-e89b-12d3-a456-426614174112'),
                                                                ('062858a9-cc0e-4bf2-a9e0-cb4f30dc118e', '2024-05-27 22:55:29.6N00000', '08dc20bf-476a-47ae-bc42-7c99e4b87160_513_bathroom.jpg', '123e4567-e89b-12d3-a456-426614174113'),
                                                                ('3ebe1998-937c-4f9f-bd4b-074567c9efe0', '2024-05-27 22:55:29.6N00000', 'db075571-cf7c-4920-9210-fb67f7ecbabc_505_bedroom.jpg', '123e4567-e89b-12d3-a456-426614174113'),
                                                                ('ddb572b0-7a5a-469b-9225-77e78a7b4fcc', '2024-05-27 22:55:29.6N00000', '1d476622-38d1-4398-b5dd-f3f0c3cecdee_50_bedroom.jpg', '123e4567-e89b-12d3-a456-426614174113'),
                                                                ('bb049233-83c5-4757-aaf4-7ff873f334fb', '2024-05-27 22:55:29.6N00000', '61957b47-b056-4dd4-a4db-85ed4c00ba74_70_kitchen.jpg', '123e4567-e89b-12d3-a456-426614174113'),
                                                                ('4f89dec6-bf74-4d7c-9c0e-7016cf1e6691', '2024-05-27 22:55:29.6N00000', '006737df-7725-46dd-82fc-52983217a7af_525_kitchen.jpg', '123e4567-e89b-12d3-a456-426614174114'),
                                                                ('a61989a3-ce06-49dc-b627-f7b8ee4f2a74', '2024-05-27 22:55:29.6N00000', 'd5dfbf41-d9cb-4af6-a21b-c51003c31564_431_bathroom.jpg', '123e4567-e89b-12d3-a456-426614174114'),
                                                                ('acae7a19-10af-4ba9-942d-77e518618cf2', '2024-05-27 22:55:29.6N00000', '5657eb3e-d9e1-4c56-b232-3583387726a2_467_bedroom.jpg', '123e4567-e89b-12d3-a456-426614174114'),
                                                                ('b3ca8511-88b8-4903-95b1-981682195126', '2024-05-27 22:55:29.6N00000', 'ed448b25-db47-49d8-9b36-4c30ec51b6e4_481_frontal.jpg', '123e4567-e89b-12d3-a456-426614174114'),
                                                                ('5969783a-b113-48ab-a1f3-99ff0deee237', '2024-05-27 22:55:29.6N00000', '871f19ed-b99e-410a-a68f-531ffd6553c8_315_bathroom.jpg', '123e4567-e89b-12d3-a456-426614174116'),
                                                                ('e768cef9-d95f-4ea8-9b1e-354513f5147a', '2024-05-27 22:55:29.6N00000', '711d490b-c5df-4a45-b31e-a1542be37f8e_398_frontal.jpg', '123e4567-e89b-12d3-a456-426614174116'),
                                                                ('431b1afe-3a5e-40d9-9611-5ad8d8c2470e', '2024-05-27 22:55:29.6N00000', '78022df0-b924-4022-a128-4e5ec54b2ae2_340_bathroom.jpg', '123e4567-e89b-12d3-a456-426614174116'),
                                                                ('346b8650-8eb6-46d8-ae6e-311adf54e896', '2024-05-27 22:55:29.6N00000', '4c0a0a25-725d-4659-8db5-3e0fde8960b2_207_frontal.jpg', '123e4567-e89b-12d3-a456-426614174116'),
                                                                ('32723906-b50e-4ef4-acdd-720a011002fe', '2024-05-27 22:55:29.6N00000', 'd7050372-7ee7-4e8d-baf4-42c4b9eff479_362_bedroom.jpg', '123e4567-e89b-12d3-a456-426614174117'),
                                                                ('bc31aecc-a162-45eb-b584-a0f57b5bf6a4', '2024-05-27 22:55:29.6N00000', 'a9d81fda-71da-4770-9ed4-45de9d812554_384_frontal.jpg', '123e4567-e89b-12d3-a456-426614174117'),
                                                                ('6eb0c73c-9de7-4490-ab4f-c9541460e673', '2024-05-27 22:55:29.6N00000', '20a9e236-8011-4100-a281-70ff2b189000_342_kitchen.jpg', '123e4567-e89b-12d3-a456-426614174117'),
                                                                ('ef8cd80d-9599-40dc-b22c-ca6311f28823', '2024-05-27 22:55:29.6N00000', 'ffc04acc-b6a7-47e8-8ecf-ea7fa6b36761_91_kitchen.jpg', '123e4567-e89b-12d3-a456-426614174117'),
                                                                ('66dc65a4-1fd3-4e6f-bcbc-f50a3c182613', '2024-05-27 22:55:29.6N00000', 'ea456e21-1db2-4adc-a7fc-666159ea0206_502_frontal.jpg', '123e4567-e89b-12d3-a456-426614174118'),
                                                                ('ff70d68c-fcfe-4cec-b7c0-999bfa71e557', '2024-05-27 22:55:29.6N00000', '21371007-8bed-4522-aca5-eed73853bea9_57_frontal.jpg', '123e4567-e89b-12d3-a456-426614174118'),
                                                                ('b1ec81cc-5ac2-4bad-a9d3-b86d8f46eea5', '2024-05-27 22:55:29.6N00000', '7a91dc23-cc1c-4e85-bde2-dbd4221fd5ef_519_bedroom.jpg', '123e4567-e89b-12d3-a456-426614174118'),
                                                                ('3e771f5f-b98b-44fa-8964-366a65dada64', '2024-05-27 22:55:29.6N00000', '3f565fb6-2cad-42e4-b3c6-e47d5de2b4ee_118_bathroom.jpg', '123e4567-e89b-12d3-a456-426614174118'),
                                                                ('3774c7fa-eea6-4b61-82a0-8dcdebeee059', '2024-05-27 22:55:29.6N00000', '8d578d89-ddc7-4202-9f43-5740bce98ee6_460_frontal.jpg', '123e4567-e89b-12d3-a456-426614174119'),
                                                                ('0a998193-18bc-4a88-a444-279973453140', '2024-05-27 22:55:29.6N00000', '6d9d800c-b366-4fee-bd4f-e11db92d40ad_486_bedroom.jpg', '123e4567-e89b-12d3-a456-426614174119'),
                                                                ('101d354f-046c-48d2-8176-4a10af6ce9d8', '2024-05-27 22:55:29.6N00000', '2f942651-02b6-4ce9-b6e0-c174dd5ad7d9_130_frontal.jpg', '123e4567-e89b-12d3-a456-426614174119'),
                                                                ('a1c0da95-1df8-4d1f-bc34-b75e3b54b9e8', '2024-05-27 22:55:29.6N00000', 'd8d761f9-5312-47da-8715-16ed6a997f42_200_bedroom.jpg', '123e4567-e89b-12d3-a456-426614174119'),
                                                                ('1bc60d56-6976-4f69-aa0b-75c4d816ca64', '2024-05-27 22:55:29.6N00000', '16c3d1c4-4182-433f-a8ad-e34c1e5826f1_379_frontal.jpg', '123e4567-e89b-12d3-a456-426614174120'),
                                                                ('72aa5ff2-50f6-4238-894d-0a0bed4d8b5d', '2024-05-27 22:55:29.6N00000', 'fd01702c-16d8-4fb3-9cdd-d19309dca8d4_220_kitchen.jpg', '123e4567-e89b-12d3-a456-426614174120'),
                                                                ('2c0eaef1-7064-4fc3-86ff-93d710c43401', '2024-05-27 22:55:29.6N00000', 'c3393bb9-5a55-454c-8a3e-0e1116f8df76_312_bedroom.jpg', '123e4567-e89b-12d3-a456-426614174120'),
                                                                ('2b37bd26-08b7-4c43-b084-3e05ae48d5e2', '2024-05-27 22:55:29.6N00000', '9b6318af-dff4-4f7f-959c-11ad46c2c8c1_332_kitchen.jpg', '123e4567-e89b-12d3-a456-426614174120'),
                                                                ('f32ad5e2-be73-4565-8e4c-a569eb089d49', '2024-05-27 22:55:29.6N00000', '0370806c-ebc2-4121-9863-323fc0e1398f_27_frontal.jpg', '123e4567-e89b-12d3-a456-426614174121'),
                                                                ('f8b6c6f8-2cad-4026-aa5f-1b8aeb818176', '2024-05-27 22:55:30.6N00000', '0a3b02b5-a7de-44ce-9f6e-a33266b6d2ab_1_frontal.jpg', '123e4567-e89b-12d3-a456-426614174121'),
                                                                ('f04f7a0f-a7a2-4a20-a2e2-bbe6317eb80e', '2024-05-27 22:55:30.6N00000', '913eaf9c-82f3-45cb-bf76-4bbf9a1731e0_186_kitchen.jpg', '123e4567-e89b-12d3-a456-426614174121'),
                                                                ('cfafccd3-3395-4c10-a999-7900b8911562', '2024-05-27 22:55:30.6N00000', 'e575e834-17fc-47de-b72e-2a28dccf9420_410_frontal.jpg', '123e4567-e89b-12d3-a456-426614174121'),
                                                                ('f6620d2c-3ae7-43c8-80dc-ef43b2c6f552', '2024-05-27 22:55:30.6N00000', 'adcd9697-258b-4f1f-9669-5da2723190a6_140_frontal.jpg', '123e4567-e89b-12d3-a456-426614174122'),
                                                                ('870695c7-0965-4731-b6ff-6b346f13327a', '2024-05-27 22:55:30.6N00000', '01ba0460-acc5-4fca-ab5c-b720faf69464_296_frontal.jpg', '123e4567-e89b-12d3-a456-426614174122'),
                                                                ('999eda51-3376-484e-9514-98e51292c56c', '2024-05-27 22:55:30.6N00000', '9aba7266-e0a2-4345-b64d-0495c852e017_270_bedroom.jpg', '123e4567-e89b-12d3-a456-426614174122'),
                                                                ('e5e66c0b-d2c7-46da-b80d-865bdf8e85f2', '2024-05-27 22:55:30.6N00000', 'ba1ca630-a260-4fee-9fcb-3623e708e339_250_kitchen.jpg', '123e4567-e89b-12d3-a456-426614174122'),
                                                                ('28785fcf-4a14-4841-847a-e6ee36a37a3c', '2024-05-27 22:55:30.6N00000', '3fe52fc5-0374-47ea-b3f6-dcb47ea78167_309_frontal.jpg', '123e4567-e89b-12d3-a456-426614174123'),
                                                                ('c51ec611-7bc6-401d-bfc1-96d80c6a6943', '2024-05-27 22:55:30.6N00000', 'c655de1b-0a8c-4f4c-97de-6c8d46104ca1_300_bathroom.jpg', '123e4567-e89b-12d3-a456-426614174123'),
                                                                ('c9463273-893e-4fe6-bcd0-92445efe065a', '2024-05-27 22:55:30.6N00000', '592d8fdd-c329-4330-8dfb-f0e8ce7e1906_355_bathroom.jpg', '123e4567-e89b-12d3-a456-426614174123'),
                                                                ('34deba4e-3967-44d2-b105-087f2cc7286e', '2024-05-27 22:55:30.6N00000', '2b129cd7-fdac-4396-bcd2-6591d2a0b83c_391_kitchen.jpg', '123e4567-e89b-12d3-a456-426614174123'),
                                                                ('21c1fccc-a5b5-4af1-9421-c3c941656125', '2024-05-27 22:55:30.6N00000', 'acb89aa4-f0e6-405f-82c1-c4fe612179ba_357_frontal.jpg', '123e4567-e89b-12d3-a456-426614174124'),
                                                                ('6a762536-f4ab-42cb-9dfd-6045a1cf16ba', '2024-05-27 22:55:30.6N00000', 'd3eb8671-66cc-4bbd-8e2e-e6dd5b892d84_84_frontal.jpg', '123e4567-e89b-12d3-a456-426614174124'),
                                                                ('60d0d9ca-50c5-435e-8ee9-5d1c80c6faf3', '2024-05-27 22:55:30.6N00000', '92484dce-4fca-49f4-9a9b-9b73edcc0fa0_488_kitchen.jpg', '123e4567-e89b-12d3-a456-426614174124'),
                                                                ('840d402a-8e2a-494e-a7d0-760bbcb4a7f9', '2024-05-27 22:55:30.6N00000', '2557afdb-0344-4e99-b014-68948bc07b7f_62_bedroom.jpg', '123e4567-e89b-12d3-a456-426614174124'),
                                                                ('07abfbd4-0ec2-4913-a63b-7b706cd8cc34', '2024-05-27 22:55:30.6N00000', '13cc908d-e8d1-4c18-9b08-abb62722f7c9_424_bathroom.jpg', '123e4567-e89b-12d3-a456-426614174125'),
                                                                ('54060354-14d3-479c-806c-93e2c540f4e6', '2024-05-27 22:55:30.6N00000', 'db2db24f-89d7-4b20-b34a-9cf16be9e88c_471_bathroom.jpg', '123e4567-e89b-12d3-a456-426614174125'),
                                                                ('a75d24e8-9092-45d1-9504-aea8584c3d7b', '2024-05-27 22:55:30.6N00000', 'dfc96f1f-844f-4c23-ba15-8585e5319b0a_517_kitchen.jpg', '123e4567-e89b-12d3-a456-426614174125'),
                                                                ('f25acd0a-6e8b-4f26-b56e-974610ad70bb', '2024-05-27 22:55:30.6N00000', '503a9e34-1ada-4cd0-896f-af9df9246bd0_42_kitchen.jpg', '123e4567-e89b-12d3-a456-426614174125'),
                                                                ('0a8c2f45-c2c9-43b5-9a8a-73474eeed1e1', '2024-05-27 22:55:30.6N00000', '0707b068-759d-4cd2-ac89-e10d93db5542_105_bedroom.jpg', '123e4567-e89b-12d3-a456-426614174126'),
                                                                ('7212c418-b2e2-4c00-9152-16fe29dccb8b', '2024-05-27 22:55:30.6N00000', 'fe461de0-893a-49b0-b019-19c8659b662a_506_bathroom.jpg', '123e4567-e89b-12d3-a456-426614174126'),
                                                                ('014eb65e-d0fd-45ed-8caa-fc58599fc959', '2024-05-27 22:55:30.6N00000', '7ccec800-6ceb-4d7e-812e-420bf81ee8f0_455_bedroom.jpg', '123e4567-e89b-12d3-a456-426614174126'),
                                                                ('829a1e38-67d9-48f5-b23b-cce27d689f9d', '2024-05-27 22:55:30.6N00000', '63dd5855-5891-4ea9-9c0d-1768679647f7_475_kitchen.jpg', '123e4567-e89b-12d3-a456-426614174126'),
                                                                ('e16fdfdd-f947-4de6-8b76-d3f461a57347', '2024-05-27 22:55:30.6N00000', 'd8f44932-cde8-4c0c-8e4d-aa5100d220b7_125_kitchen.jpg', '123e4567-e89b-12d3-a456-426614174127'),
                                                                ('a50cec60-5de4-4c92-bf24-1d6077bc9074', '2024-05-27 22:55:30.6N00000', '32cde0fd-7997-44b4-ad3d-a05d0b4ed554_79_frontal.jpg', '123e4567-e89b-12d3-a456-426614174127'),
                                                                ('435af0a7-910c-49a3-80ab-3abe2c563100', '2024-05-27 22:55:30.6N00000', '462a2e9d-43e6-4ac1-9610-6d828d3ac2b5_288_bathroom.jpg', '123e4567-e89b-12d3-a456-426614174127'),
                                                                ('ea63a064-1c75-4bd8-87bc-caa1290edea0', '2024-05-27 22:55:30.6N00000', 'c18dfaf4-9d57-408d-9caa-23a07a67e90a_222_bathroom.jpg', '123e4567-e89b-12d3-a456-426614174127'),
                                                                ('2662211c-fd17-4bf4-b7ff-ce6e4796b5a0', '2024-05-27 22:55:30.6N00000', 'd11f3b89-5d74-441e-a531-d5adc333fe30_277_bathroom.jpg', '123e4567-e89b-12d3-a456-426614174128'),
                                                                ('03701d05-f7f8-43f8-843c-5c0d94533f2b', '2024-05-27 22:55:30.6N00000', '496d5faf-7c62-4a30-8fcd-8699631cbbed_235_frontal.jpg', '123e4567-e89b-12d3-a456-426614174128'),
                                                                ('b4e23a67-b4a1-4585-86a7-c8b33f009af5', '2024-05-27 22:55:30.6N00000', 'fcd3c8aa-8f63-4786-b0f3-d5daa42987b0_307_bathroom.jpg', '123e4567-e89b-12d3-a456-426614174128'),
                                                                ('7a27f129-5cab-4a82-8764-0e67811abd68', '2024-05-27 22:55:30.6N00000', '541e96d8-eb5a-4b94-835f-568d9b1e5aac_352_bathroom.jpg', '123e4567-e89b-12d3-a456-426614174128'),
                                                                ('cec1e667-9aea-48d2-9f20-1f6262006fca', '2024-05-27 22:55:30.6N00000', 'b260136c-e3d3-4a00-8fa7-5b527207a8b2_327_frontal.jpg', '123e4567-e89b-12d3-a456-426614174129'),
                                                                ('68fb5ac4-a5d6-4204-98da-909730a6ce87', '2024-05-27 22:55:30.6N00000', 'ad864a99-3304-49a0-b2db-19db902ade3a_423_bathroom.jpg', '123e4567-e89b-12d3-a456-426614174129'),
                                                                ('3f5d5608-d921-47b3-b821-32945a70d7e9', '2024-05-27 22:55:30.6N00000', '8b79a6c0-cc20-4ae7-80ed-0cfdbc975578_476_bathroom.jpg', '123e4567-e89b-12d3-a456-426614174129'),
                                                                ('006817d7-ebcc-41a9-be3e-f4be7f307d86', '2024-05-27 22:55:30.6N00000', '1ff8861a-87b6-4624-acb5-a7aea3bdd78f_489_bathroom.jpg', '123e4567-e89b-12d3-a456-426614174129'),
                                                                ('01f10199-75d9-40be-995f-d2a4ae3b6bbe', '2024-05-27 22:55:30.6N00000', 'f15348f6-f36c-4e15-b7c8-5d49cfbe422f_12_bedroom.jpg', '123e4567-e89b-12d3-a456-426614174130'),
                                                                ('e8964f6a-b579-4655-bfce-23c43fef6f43', '2024-05-27 22:55:30.6N00000', '3fce6309-a70f-4dbb-9c6f-04627775956e_32_kitchen.jpg', '123e4567-e89b-12d3-a456-426614174130'),
                                                                ('46b8ac19-7d77-4c2d-9b6f-ee215f4bda7c', '2024-05-27 22:55:30.6N00000', 'd3708f65-0b67-43f6-8884-6c141fa3e954_188_bedroom.jpg', '123e4567-e89b-12d3-a456-426614174130'),
                                                                ('8bf45ca1-16e7-4e0c-9c76-90e22842f55c', '2024-05-27 22:55:30.6N00000', 'd7622500-099b-4885-9787-4ddb73ad4ebb_501_bathroom.jpg', '123e4567-e89b-12d3-a456-426614174130'),
                                                                ('8fbd4c21-c523-40f6-b2d9-f8dd98a954ce', '2024-05-27 22:55:30.6N00000', '6ca70c82-86e4-4929-92f4-0f9a0fdecf47_175_bedroom.jpg', '123e4567-e89b-12d3-a456-426614174131'),
                                                                ('71a4ee54-7679-4a02-8b23-13171ad837ef', '2024-05-27 22:55:30.6N00000', 'd0b0da1b-71ac-46d4-8d53-21f82f130dc8_425_bedroom.jpg', '123e4567-e89b-12d3-a456-426614174131'),
                                                                ('d3f8b015-9ca9-4fb8-a66f-7851b769489c', '2024-05-27 22:55:30.6N00000', '3dbb2b60-403e-40d1-8e16-efad030b53c0_193_frontal.jpg', '123e4567-e89b-12d3-a456-426614174131'),
                                                                ('31ab81ff-4e34-4830-b099-b84721b00e47', '2024-05-27 22:55:30.6N00000', 'f17d3f00-3afa-4da3-bb02-ea9eabf619c7_405_kitchen.jpg', '123e4567-e89b-12d3-a456-426614174131'),
                                                                ('c45cc89a-c3e5-44ca-869d-966779a94b1c', '2024-05-27 22:55:30.6N00000', '50096928-a9fd-47c2-ab3e-a9d667eabd40_155_kitchen.jpg', '123e4567-e89b-12d3-a456-426614174132'),
                                                                ('9196c57e-fc91-441e-966c-9ae56e035696', '2024-05-27 22:55:30.6N00000', 'b5c677a1-d84b-4dcb-b834-092100cf2c4a_225_bathroom.jpg', '123e4567-e89b-12d3-a456-426614174132'),
                                                                ('ffcbd55f-2039-4dda-ab13-eab6023db499', '2024-05-27 22:55:30.6N00000', 'fa8cd249-9cf7-466d-9c93-3f8a5221dfad_270_bathroom.jpg', '123e4567-e89b-12d3-a456-426614174132'),
                                                                ('f617cfe4-ecd8-4336-b6ec-1da3e584b496', '2024-05-27 22:55:30.6N00000', 'aa95cde1-cecb-462d-9d31-48a0f2dbf1dc_283_kitchen.jpg', '123e4567-e89b-12d3-a456-426614174132'),
                                                                ('ac3533e6-38e8-4393-b107-644902395ae6', '2024-05-27 22:55:30.6N00000', 'cb79e8f4-d0b7-4e08-97a7-6c341a8228e6_245_frontal.jpg', '123e4567-e89b-12d3-a456-426614174133'),
                                                                ('b0bed623-cc84-49f3-8114-118e460cfe3d', '2024-05-27 22:55:30.6N00000', 'b3d16707-6f50-4b95-9a7b-c018f69ee011_342_frontal.jpg', '123e4567-e89b-12d3-a456-426614174133'),
                                                                ('d1b08c32-e78d-41f4-b973-e7efdf7858ca', '2024-05-27 22:55:30.6N00000', '4f8598ad-b8c6-444c-a042-b004ba50e862_384_kitchen.jpg', '123e4567-e89b-12d3-a456-426614174133'),
                                                                ('c6ac8ee9-4c2f-49b4-a549-5283d24f2cb4', '2024-05-27 22:55:30.6N00000', 'a7101ae7-190d-44d7-8012-a1578cea76d4_502_kitchen.jpg', '123e4567-e89b-12d3-a456-426614174133'),
                                                                ('dbcd6f68-3a62-473e-9967-acae8e675a13', '2024-05-27 22:55:30.6N00000', 'd00c3811-863d-4ca8-8306-f4434e5bef4e_housesinfo.txt', '123e4567-e89b-12d3-a456-426614174134'),
                                                                ('26e517d3-9053-42e7-92f1-1155618c1ac2', '2024-05-27 22:55:30.6N00000', '38f49dfa-8601-43ff-9da5-716bed48c4b1_57_kitchen.jpg', '123e4567-e89b-12d3-a456-426614174134'),
                                                                ('19d773d9-888e-40c3-90c2-840bcd8e9e55', '2024-05-27 22:55:30.6N00000', 'b111130e-5c9f-4a64-b712-9180c38e3185_77_bedroom.jpg', '123e4567-e89b-12d3-a456-426614174134'),
                                                                ('6106ca9a-91a8-4b22-86e1-b6ca01994057', '2024-05-27 22:55:30.6N00000', '6ab034be-8391-4737-991e-367d287d42c5_91_frontal.jpg', '123e4567-e89b-12d3-a456-426614174134'),
                                                                ('31537f5f-4768-42e8-b467-9672c0ae268c', '2024-05-27 22:55:30.6N00000', '5d79366b-d8dc-4576-92d0-29876fdbd0f9_522_bedroom.jpg', '123e4567-e89b-12d3-a456-426614174135'),
                                                                ('92c0bb5b-53b2-4613-99b3-a387f237a3d2', '2024-05-27 22:55:30.6N00000', '10e244bc-9ab9-400a-b42c-d5ed3dc7ec1c_130_kitchen.jpg', '123e4567-e89b-12d3-a456-426614174135'),
                                                                ('946826d2-f0c1-4221-a3f2-e0a42de45f9f', '2024-05-27 22:55:30.6N00000', 'f6e28e60-eca0-41ca-8d2d-4427a8ef8c88_460_kitchen.jpg', '123e4567-e89b-12d3-a456-426614174135'),
                                                                ('0d76977d-f28e-41f0-b8e4-392ec446a4db', '2024-05-27 22:55:30.6N00000', 'eea6a4ca-702c-47d8-935e-7cde4cfc4da8_440_bedroom.jpg', '123e4567-e89b-12d3-a456-426614174135'),
                                                                ('5f7a2a2d-88c0-413d-a45b-2d2e6e9c5ff2', '2024-05-27 22:55:30.6N00000', '85e9d09e-da9c-4f61-8a89-5f220658f94d_95_bathroom.jpg', '123e4567-e89b-12d3-a456-426614174136'),
                                                                ('f2138c7a-fda9-42a2-91e7-3cb05175bc08', '2024-05-27 22:55:30.6N00000', 'e81204c9-e2b7-4602-a27c-1dae8e9480f1_110_bedroom.jpg', '123e4567-e89b-12d3-a456-426614174136'),
                                                                ('6b537a80-5c58-4c63-995a-f52b57019418', '2024-05-27 22:55:30.6N00000', '052ea18e-033c-4fee-9767-5f61be917c41_379_kitchen.jpg', '123e4567-e89b-12d3-a456-426614174136'),
                                                                ('7f8cfa34-fb42-4173-b26b-8528b71eec4a', '2024-05-27 22:55:30.6N00000', '6beac7c5-dc6f-41d6-9e36-260d7dc245f7_220_frontal.jpg', '123e4567-e89b-12d3-a456-426614174136'),
                                                                ('fabcb064-02a6-4156-8682-67f44ce738a2', '2024-05-27 22:55:30.6N00000', '27c2339c-5aed-48e9-ac5b-f95e07a4a9df_183_bathroom.jpg', '123e4567-e89b-12d3-a456-426614174137'),
                                                                ('94841ce1-6871-4c20-bc78-fdcfce9105d0', '2024-05-27 22:55:30.6N00000', 'e0971d6f-e968-49f5-9fdf-1132df11ee12_359_bedroom.jpg', '123e4567-e89b-12d3-a456-426614174137'),
                                                                ('e677c589-1116-4830-97f9-77d30e6cd8d3', '2024-05-27 22:55:30.6N00000', '72fdb9f0-6877-4743-95e4-c4b1a2d2953b_129_bathroom.jpg', '123e4567-e89b-12d3-a456-426614174137'),
                                                                ('e12d0825-16e1-427a-a4fa-043ff45e7152', '2024-05-27 22:55:30.6N00000', '59b1be68-50bb-48fc-bc8b-89f316478105_332_frontal.jpg', '123e4567-e89b-12d3-a456-426614174137'),
                                                                ('34d3ebc7-8071-4c3d-b4c3-803ea36845a9', '2024-05-27 22:55:30.6N00000', '66294de5-c379-476c-8bb9-18da65b798cb_27_kitchen.jpg', '123e4567-e89b-12d3-a456-426614174138'),
                                                                ('419d27f1-1144-4918-a446-a73eb060627d', '2024-05-27 22:55:30.6N00000', 'd4e79bea-85bd-44a1-8585-831643642e05_140_kitchen.jpg', '123e4567-e89b-12d3-a456-426614174138'),
                                                                ('c20fa2ec-d358-4ff7-bc62-0ea003a22a25', '2024-05-27 22:55:30.6N00000', '3f92ff68-391b-46ee-8ab8-8fa9c7e965fa_410_kitchen.jpg', '123e4567-e89b-12d3-a456-426614174138'),
                                                                ('f908977f-acfd-40f4-bff1-e661fe05af33', '2024-05-27 22:55:30.6N00000', '2ddbc3bd-a189-4566-8a07-2ad953989a43_38_bathroom.jpg', '123e4567-e89b-12d3-a456-426614174138'),
                                                                ('ed50c757-3045-45e8-9182-c5dde0c89995', '2024-05-27 22:55:30.6N00000', 'd5adb135-473d-4159-8c87-7f8e33302bc6_430_bedroom.jpg', '123e4567-e89b-12d3-a456-426614174139'),
                                                                ('8f9ddda4-74db-48f4-bd73-631b9bead980', '2024-05-27 22:55:30.6N00000', '00a26552-aa3d-4995-9bac-c8788fd2182a_186_frontal.jpg', '123e4567-e89b-12d3-a456-426614174139'),
                                                                ('4096cbe0-1603-40b4-a718-384b4d400396', '2024-05-27 22:55:30.6N00000', 'c6cdc5f3-ac5e-4505-8dd1-bb1d6c012c6a_160_bedroom.jpg', '123e4567-e89b-12d3-a456-426614174139'),
                                                                ('c76fd3af-e6fa-4919-9936-8ec1b0650c5e', '2024-05-27 22:55:30.6N00000', '187dbd7d-e2d8-4d4c-b822-f8018f960255_1_kitchen.jpg', '123e4567-e89b-12d3-a456-426614174139'),
                                                                ('66aa7330-3141-4849-9891-760fa2731e62', '2024-05-27 22:55:30.6N00000', 'a7bd639e-ec46-4c0d-97bf-e8d81bff3f58_92_bathroom.jpg', '123e4567-e89b-12d3-a456-426614174140'),
                                                                ('f22fd07b-e860-48aa-8c40-86e99a93b74b', '2024-05-27 22:55:30.6N00000', '96c4429d-7ab0-49d4-9630-3d982c7df45a_250_frontal.jpg', '123e4567-e89b-12d3-a456-426614174140'),
                                                                ('bcd9e2cd-4ce5-4b0c-afab-8ea3afb37d0d', '2024-05-27 22:55:30.6N00000', '6907fbbf-c29c-4d58-8967-333934f80a98_309_kitchen.jpg', '123e4567-e89b-12d3-a456-426614174140'),
                                                                ('42af2c3b-97a9-4f24-b0e5-eeb1937c4566', '2024-05-27 22:55:30.6N00000', '345d908a-8aed-4930-b6c0-758ae1e3a75f_329_bedroom.jpg', '123e4567-e89b-12d3-a456-426614174140'),
                                                                ('9d20b116-5c96-4d1c-84f2-293006e2a6fd', '2024-05-27 22:55:30.6N00000', 'd134d403-6707-4322-ba21-7cb105fa4f35_184_bathroom.jpg', '123e4567-e89b-12d3-a456-426614174141'),
                                                                ('420a62d5-1fc7-4a48-98ee-d151d688e175', '2024-05-27 22:55:30.6N00000', 'dde44227-b698-491e-98c9-83ed1cc9c979_296_kitchen.jpg', '123e4567-e89b-12d3-a456-426614174141'),
                                                                ('23de4108-95f1-4d5f-8a4b-235ce377f201', '2024-05-27 22:55:30.6N00000', 'cbc14430-fc4d-4102-a680-7cdef4404896_357_kitchen.jpg', '123e4567-e89b-12d3-a456-426614174141'),
                                                                ('4e099e55-49d4-42a5-a361-aa837b62087f', '2024-05-27 22:55:30.6N00000', 'bc7cc37a-6b1e-4e94-aa23-6df76a334b7a_391_frontal.jpg', '123e4567-e89b-12d3-a456-426614174141'),
                                                                ('e5d4490c-7474-4e04-849c-0c022ebfcb26', '2024-05-27 22:55:30.6N00000', 'ccb55bde-ee24-4a11-a05d-5ce5b1024b6a_415_bathroom.jpg', '123e4567-e89b-12d3-a456-426614174142'),
                                                                ('e5aae181-3676-418e-9ece-4acd67392c7a', '2024-05-27 22:55:30.6N00000', 'eb3d4db4-6179-4cac-ac9f-534290d59230_377_bedroom.jpg', '123e4567-e89b-12d3-a456-426614174142'),
                                                                ('27f79df4-a2e2-4269-b8e7-b7caad17d983', '2024-05-27 22:55:30.6N00000', '87889b0c-025d-4368-8e9d-1e330af055c0_440_bathroom.jpg', '123e4567-e89b-12d3-a456-426614174142'),
                                                                ('ee804e4a-189d-461f-8142-853a5ca62f8a', '2024-05-27 22:55:30.6N00000', 'e1bd1acc-1274-4c2c-a461-8a8e36f11058_517_frontal.jpg', '123e4567-e89b-12d3-a456-426614174142'),
                                                                ('0a9bd981-e9f3-4559-8126-ff488d7c49ef', '2024-05-27 22:55:30.6N00000', '64a68f63-5a11-44ab-a994-1c0954de0b8d_42_frontal.jpg', '123e4567-e89b-12d3-a456-426614174143'),
                                                                ('38ec96d5-e627-4fdd-8f6c-70df7688c5c1', '2024-05-27 22:55:30.6N00000', 'a24fa17a-ee2d-4f0c-af24-adb41fe5e79d_331_bathroom.jpg', '123e4567-e89b-12d3-a456-426614174143'),
                                                                ('9616c088-2dce-4383-a6c9-e5069400462b', '2024-05-27 22:55:30.6N00000', '07b7367d-0fce-43b0-a742-95937131e09d_488_frontal.jpg', '123e4567-e89b-12d3-a456-426614174143'),
                                                                ('ba5c0409-8749-4469-8749-aa2567c14887', '2024-05-27 22:55:30.6N00000', 'e5ff3bdf-c0b4-445a-b4fa-1d26fc258366_364_bathroom.jpg', '123e4567-e89b-12d3-a456-426614174143'),
                                                                ('8ea06e04-9821-47db-9707-ccd487324865', '2024-05-27 22:55:30.6N00000', '9cce1153-370d-4ea3-aaaa-bdd4242035f3_84_kitchen.jpg', '123e4567-e89b-12d3-a456-426614174144'),
                                                                ('6927dce5-2013-4a41-837e-936d81f0412c', '2024-05-27 22:55:30.6N00000', 'b23d7464-d544-4c11-b0ff-08c77a8b9166_79_kitchen.jpg', '123e4567-e89b-12d3-a456-426614174144'),
                                                                ('3a2bf158-5cc7-4cfd-8412-e1ef8ede5fdf', '2024-05-27 22:55:30.6N00000', '2a51fb69-ef5a-41c7-aeb5-0fce1c72e7db_493_bedroom.jpg', '123e4567-e89b-12d3-a456-426614174144'),
                                                                ('0a14edc9-1837-4eeb-b3e2-11e01fb15f75', '2024-05-27 22:55:30.6N00000', 'c54ca753-3a6a-4d2f-913d-07fbece10d15_125_frontal.jpg', '123e4567-e89b-12d3-a456-426614174144'),
                                                                ('1bd9d7ca-eb5b-49e1-8dfa-6a142915909b', '2024-05-27 22:55:30.6N00000', '3a29a88c-ba15-4533-9ead-1f181d9fe0ee_475_frontal.jpg', '123e4567-e89b-12d3-a456-426614174145'),
                                                                ('cdab3fb7-719b-4bc7-aafe-d1efc18deddc', '2024-05-27 22:55:30.6N00000', 'a7accf32-cbe3-4ead-a62a-5763b391855b_59_bedroom.jpg', '123e4567-e89b-12d3-a456-426614174145'),
                                                                ('211014d6-95ba-4b48-9e14-300bb81651d7', '2024-05-27 22:55:30.6N00000', '2423a55e-f665-4ef8-b46c-79c94ed9f199_213_bathroom.jpg', '123e4567-e89b-12d3-a456-426614174145'),
                                                                ('1f9fa98c-d53d-4f66-bd41-8fd9ecbbbe50', '2024-05-27 22:55:30.6N00000', '7136f44e-ae3b-4e7f-b369-9791bd899015_246_bathroom.jpg', '123e4567-e89b-12d3-a456-426614174145'),
                                                                ('1c9bd79c-6b89-4397-9339-48f97bcbdeed', '2024-05-27 22:55:30.6N00000', 'c66a6a19-4ab2-4d6e-b546-83e2aa1442f8_235_kitchen.jpg', '123e4567-e89b-12d3-a456-426614174146'),
                                                                ('9110d5af-e535-43f9-a6f8-87907c389e22', '2024-05-27 22:55:30.6N00000', 'dda7f5b3-02f7-49e3-a734-9a3e6585f9f1_215_bedroom.jpg', '123e4567-e89b-12d3-a456-426614174146'),
                                                                ('99f42b38-eab2-43bd-b7cc-f76013daf240', '2024-05-27 22:55:30.6N00000', '64b06565-5cb9-4150-9d56-966758101cfb_298_bedroom.jpg', '123e4567-e89b-12d3-a456-426614174146'),
                                                                ('27b26490-56c5-47af-975e-5be914eafcac', '2024-05-27 22:55:30.6N00000', '3c0cde26-f930-4f54-ad5b-2a54ecd7cb5b_327_kitchen.jpg', '123e4567-e89b-12d3-a456-426614174146'),
                                                                ('c49075e0-973f-4bcb-bcd3-4f2d740a97a0', '2024-05-27 22:55:30.6N00000', '1835b1f2-4544-4d52-9f8d-33652d2f2d04_412_bathroom.jpg', '123e4567-e89b-12d3-a456-426614174147'),
                                                                ('9d669d80-82fe-4234-9327-efd8ff32e513', '2024-05-27 22:55:30.6N00000', '24462399-9915-4a5f-bee5-a96b1b9276e2_447_bathroom.jpg', '123e4567-e89b-12d3-a456-426614174147'),
                                                                ('919aed3a-6047-4208-b779-e490e8af743c', '2024-05-27 22:55:30.6N00000', '459a4382-e7e9-4510-80e2-151ba0aef1b4_307_bedroom.jpg', '123e4567-e89b-12d3-a456-426614174147'),
                                                                ('dc74ec22-0dcc-46c7-a22c-80f5bb39183c', '2024-05-27 22:55:30.6N00000', 'd10f5d80-e2ef-4091-b2f0-133c02ba5599_32_frontal.jpg', '123e4567-e89b-12d3-a456-426614174147'),
                                                                ('49622a54-d088-4df8-9e5c-5249dd81e609', '2024-05-27 22:55:30.6N00000', '47477298-ab20-4005-b6de-a7f86e67e174_336_bathroom.jpg', '123e4567-e89b-12d3-a456-426614174148'),
                                                                ('0dc2b7dc-6d73-490c-b2a8-b511e3ef3421', '2024-05-27 22:55:30.6N00000', '661f9dc1-cd8c-4071-89f7-fee8f8a9b321_363_bathroom.jpg', '123e4567-e89b-12d3-a456-426614174148'),
                                                                ('22c54115-568c-428d-9d79-366bf6ffa59e', '2024-05-27 22:55:30.6N00000', 'ec17cc0c-6609-46d3-9b11-f0c3f193209d_155_frontal.jpg', '123e4567-e89b-12d3-a456-426614174148'),
                                                                ('2c79faa0-508b-46c0-a1ee-5b8e2ff60f7b', '2024-05-27 22:55:31.6N00000', 'b62045d9-8598-4fa5-b094-3fe957c4c77e_405_frontal.jpg', '123e4567-e89b-12d3-a456-426614174148'),
                                                                ('d34e7196-17fc-4f91-93a3-fb1305a58079', '2024-05-27 22:55:31.6N00000', '355451b7-c07f-47ee-a4d7-8dbce738aa14_214_bathroom.jpg', '123e4567-e89b-12d3-a456-426614174149'),
                                                                ('0e36c374-316a-48d5-b44b-a9409682b6ae', '2024-05-27 22:55:31.6N00000', '838e01c5-3a39-471b-9e4e-dab8f3169939_241_bathroom.jpg', '123e4567-e89b-12d3-a456-426614174149'),
                                                                ('671ad350-6b47-48ff-b3ea-c180def626c4', '2024-05-27 22:55:31.6N00000', 'd195befe-ab90-4496-82a1-d8232feb5bad_193_kitchen.jpg', '123e4567-e89b-12d3-a456-426614174149'),
                                                                ('bdfef5a5-c80d-455e-a527-b9f088d0de60', '2024-05-27 22:55:31.6N00000', '355067e0-3b5d-4f45-ab9a-66b9f7e2fe03_29_bedroom.jpg', '123e4567-e89b-12d3-a456-426614174149'),
                                                                ('2b0c71ef-75b0-4543-ba7b-1ccc306c80ff', '2024-05-27 22:55:31.6N00000', 'c216f947-dde9-4a09-a599-eb37d056d3a1_245_kitchen.jpg', '123e4567-e89b-12d3-a456-426614174150'),
                                                                ('b493b7a1-4835-4feb-a682-df61483e987e', '2024-05-27 22:55:31.6N00000', 'edf743bd-67bb-42f7-a5a4-36ec4a0be30b_530_bathroom.jpg', '123e4567-e89b-12d3-a456-426614174150'),
                                                                ('17a1183d-dee1-48e3-ae78-13fb0fa8b504', '2024-05-27 22:55:31.6N00000', '8e6037cf-64e9-4277-af96-f40d9651069d_265_bedroom.jpg', '123e4567-e89b-12d3-a456-426614174150'),
                                                                ('08b70975-ca11-44e1-98c4-996496cbb4b9', '2024-05-27 22:55:31.6N00000', '51923601-0351-4f46-afd6-3eb0ec0a9f93_8_bathroom.jpg', '123e4567-e89b-12d3-a456-426614174150'),
                                                                ('bef5ff5d-a7a2-455a-b7b4-16bab89b7713', '2024-05-27 22:55:31.6N00000', 'a7476137-4f05-4fdf-ba9b-cb3b7bcde65e_283_frontal.jpg', '123e4567-e89b-12d3-a456-426614174151'),
                                                                ('ad28f43c-b4f2-464e-8700-9bcc9446b107', '2024-05-27 22:55:31.6N00000', 'a35c5190-5294-482c-8d44-6f6fbbf4f077_300_frontal.jpg', '123e4567-e89b-12d3-a456-426614174151'),
                                                                ('27f1d951-eff6-421e-ac65-b60856121f8d', '2024-05-27 22:55:31.6N00000', '903eb540-dc03-422f-8c4c-07af24fb909e_259_kitchen.jpg', '123e4567-e89b-12d3-a456-426614174151'),
                                                                ('fb9cecc8-6ba7-490f-a8e9-693feb14fec9', '2024-05-27 22:55:31.6N00000', 'ae06f562-ad8c-4586-9a23-85e09d4afebb_279_bedroom.jpg', '123e4567-e89b-12d3-a456-426614174151'),
                                                                ('db3626ba-f5a6-43a2-b465-1882b7af9c07', '2024-05-27 22:55:31.6N00000', '1df76f80-2764-4779-81a6-009e3a3d97a6_191_bathroom.jpg', '123e4567-e89b-12d3-a456-426614174152'),
                                                                ('2e6576ca-4846-439c-b4d8-0c8da0fae477', '2024-05-27 22:55:31.6N00000', '7c4c79ec-4e55-4d56-82d6-aa852ac8fddf_15_kitchen.jpg', '123e4567-e89b-12d3-a456-426614174152'),
                                                                ('c62b8f95-c90c-441a-b1d6-0a912416b188', '2024-05-27 22:55:31.6N00000', '7df8759e-271e-4b2e-bd7b-cff9d753c7fe_149_frontal.jpg', '123e4567-e89b-12d3-a456-426614174152'),
                                                                ('7827929f-b036-48f5-8a0d-a89468c400b3', '2024-05-27 22:55:31.6N00000', 'cd394d28-548a-4ffa-b764-ccc26f0cd5d5_419_frontal.jpg', '123e4567-e89b-12d3-a456-426614174152'),
                                                                ('105b1992-ee78-42d3-810a-de1fd196282c', '2024-05-27 22:55:31.6N00000', 'b653e655-6ba2-4bfc-8d10-d0a80fbfe5e3_78_bathroom.jpg', '123e4567-e89b-12d3-a456-426614174153'),
                                                                ('dba10bc9-41bc-494d-ab1e-999454140c85', '2024-05-27 22:55:31.6N00000', 'c3dc4568-3d1c-4441-9968-d7ad82658065_35_bedroom.jpg', '123e4567-e89b-12d3-a456-426614174153'),
                                                                ('f75540da-8e6c-4cfd-a867-b386fdc554db', '2024-05-27 22:55:31.6N00000', 'a51836e4-d6bf-4601-b5a2-e5f9d1010550_8_frontal.jpg', '123e4567-e89b-12d3-a456-426614174153'),
                                                                ('c7b1956c-8b52-40cd-b1fe-593fab9a0574', '2024-05-27 22:55:31.6N00000', 'bdd1a5cc-51e9-42bf-b4c0-4aad201c4ee7_87_bathroom.jpg', '123e4567-e89b-12d3-a456-426614174153'),
                                                                ('a229250a-3c98-4aa2-8363-c7e353aaea63', '2024-05-27 22:55:31.6N00000', '024ccdfd-7488-41c6-9eaa-0edbfb726687_422_kitchen.jpg', '123e4567-e89b-12d3-a456-426614174154'),
                                                                ('2320a502-4eb5-4dc2-8efe-4c31da54e8da', '2024-05-27 22:55:31.6N00000', 'e4ec2b3a-0634-4cbf-ba05-06cacb7e4d9b_172_kitchen.jpg', '123e4567-e89b-12d3-a456-426614174154'),
                                                                ('1119be36-e442-4288-b682-37d786be7045', '2024-05-27 22:55:31.6N00000', '76792a29-1cf8-489c-b6df-778d23849205_152_bedroom.jpg', '123e4567-e89b-12d3-a456-426614174154'),
                                                                ('92c81c93-d287-480b-bce8-8adcb4d6c819', '2024-05-27 22:55:31.6N00000', '73e2d2e3-eb26-4a9d-9982-0ad3f52799da_402_bedroom.jpg', '123e4567-e89b-12d3-a456-426614174154'),
                                                                ('8acb105f-760e-44af-9758-df68ab5ecb10', '2024-05-27 22:55:31.6N00000', '8d7ff9e2-521c-4412-88df-31ff100c2dcd_262_frontal.jpg', '123e4567-e89b-12d3-a456-426614174155'),
                                                                ('a283deea-b6f9-4a89-87c5-487c16a0a5e9', '2024-05-27 22:55:31.6N00000', '554293c2-330e-4762-986c-620ec04a9be9_284_bedroom.jpg', '123e4567-e89b-12d3-a456-426614174155'),
                                                                ('35b9b8bf-3b57-4678-b6a2-50aeed623372', '2024-05-27 22:55:31.6N00000', 'cce0d591-e78a-48bf-baf1-955294b912fb_229_kitchen.jpg', '123e4567-e89b-12d3-a456-426614174155'),
                                                                ('19d941b5-8a48-4d16-b803-5680cc39430a', '2024-05-27 22:55:31.6N00000', 'b60436d7-ec6b-420a-b1a6-3eb0e43abd8b_396_bedroom.jpg', '123e4567-e89b-12d3-a456-426614174155'),
                                                                ('38cab3e8-75b4-4a51-952c-b4fd6b7cad82', '2024-05-27 22:55:31.6N00000', '874de764-9ecc-442e-955c-f62365905c6d_370_frontal.jpg', '123e4567-e89b-12d3-a456-426614174156'),
                                                                ('3e8b4943-a928-4c19-928f-35603743576a', '2024-05-27 22:55:31.6N00000', 'd0a83c31-b3ad-432b-87bf-c87895cc00e9_196_bathroom.jpg', '123e4567-e89b-12d3-a456-426614174156'),
                                                                ('4a719c77-6061-44c2-a7a3-0f3023fb58f8', '2024-05-27 22:55:31.6N00000', '6f26a210-2b3a-413e-add0-4b9357f72a6e_169_bathroom.jpg', '123e4567-e89b-12d3-a456-426614174156'),
                                                                ('fb1484d2-1498-4f1d-bb00-7013f31b8a25', '2024-05-27 22:55:31.6N00000', 'c4ab8655-5559-4a04-ba6c-46442cacd2e4_209_bedroom.jpg', '123e4567-e89b-12d3-a456-426614174156'),
                                                                ('8d815e2d-5fb5-4f18-bba1-30e14b10cc51', '2024-05-27 22:55:31.6N00000', 'd02e4439-31c0-4bf0-b780-201587daa1a6_139_frontal.jpg', '123e4567-e89b-12d3-a456-426614174157'),
                                                                ('1e805d68-d29d-4250-9c85-45cc3747abfb', '2024-05-27 22:55:31.6N00000', '1e0587d3-ce55-443c-ae44-3c091fd47259_65_kitchen.jpg', '123e4567-e89b-12d3-a456-426614174157'),
                                                                ('15f9608c-dd15-4461-a039-503c038f8635', '2024-05-27 22:55:31.6N00000', '517cb94d-8a05-4614-a039-df5c2e67bcea_469_frontal.jpg', '123e4567-e89b-12d3-a456-426614174157'),
                                                                ('f9df4a48-8478-4d2e-ade4-a289553d06af', '2024-05-27 22:55:31.6N00000', 'c4463776-fdc3-485d-a6ab-c2aa39caa100_530_kitchen.jpg', '123e4567-e89b-12d3-a456-426614174157'),
                                                                ('6726318c-ad88-49d2-b971-6a54f99ec3f1', '2024-05-27 22:55:31.6N00000', 'a51f3217-0843-4806-9727-a75af41e800a_510_bedroom.jpg', '123e4567-e89b-12d3-a456-426614174158'),
                                                                ('0cebdb47-3acf-44a7-9eae-94321346a59e', '2024-05-27 22:55:31.6N00000', 'cf52d892-58ed-4374-b191-39e7a60d97c8_80_bathroom.jpg', '123e4567-e89b-12d3-a456-426614174158'),
                                                                ('18dae6ef-3194-43a7-b97c-43e600b29351', '2024-05-27 22:55:31.6N00000', '63d88312-6340-478d-8e7f-dd5cad3a7354_45_bedroom.jpg', '123e4567-e89b-12d3-a456-426614174158'),
                                                                ('5fe4c7cc-4cb1-426f-85b0-2e0b37365c0e', '2024-05-27 22:55:31.6N00000', 'a7104d2e-ead8-4d01-823f-3abc2f9d1e05_452_kitchen.jpg', '123e4567-e89b-12d3-a456-426614174158'),
                                                                ('bee026d0-8856-4c6e-821d-f60bfc4affad', '2024-05-27 22:55:31.6N00000', '1093aba6-19f4-47a3-af72-704b0225dee1_102_kitchen.jpg', '123e4567-e89b-12d3-a456-426614174159'),
                                                                ('e3310800-95c2-4347-b5c2-03042986aaa2', '2024-05-27 22:55:31.6N00000', '95723f67-027f-4396-bb85-8865dece3d93_494_frontal.jpg', '123e4567-e89b-12d3-a456-426614174159'),
                                                                ('65887b8f-fc85-4fd9-89f6-7f374fc289d1', '2024-05-27 22:55:31.6N00000', 'fc4af6da-c30d-4c26-9043-0dc35a594080_122_bedroom.jpg', '123e4567-e89b-12d3-a456-426614174159'),
                                                                ('21365404-f7b9-4ec2-8bfa-06d69638b9e6', '2024-05-27 22:55:31.6N00000', 'd04845bd-4c82-4b18-92dd-6b4475b97181_472_bedroom.jpg', '123e4567-e89b-12d3-a456-426614174159'),
                                                                ('d3ddaee4-6399-4c83-9975-291d7879b81a', '2024-05-27 22:55:31.6N00000', '5bbc6d86-7ae1-49fb-b5bf-fb17c2c069e1_98_kitchen.jpg', '123e4567-e89b-12d3-a456-426614174160'),
                                                                ('1b2c24c7-0054-4670-b4b9-3b23ec1e65f3', '2024-05-27 22:55:31.6N00000', '94be54f4-49cf-47bb-9e1e-9a5f046a30b6_212_frontal.jpg', '123e4567-e89b-12d3-a456-426614174160'),
                                                                ('f0267a52-d2a9-43df-a0ae-19c962f28669', '2024-05-27 22:55:31.6N00000', 'c4fea95d-e647-443f-a6ed-2af898c732b6_315_kitchen.jpg', '123e4567-e89b-12d3-a456-426614174160'),
                                                                ('f9e15c6c-0861-46cf-9dc8-0adf1837da08', '2024-05-27 22:55:31.6N00000', '1b29e9c5-b509-45ea-881e-5c3805ad8e02_335_bedroom.jpg', '123e4567-e89b-12d3-a456-426614174160'),
                                                                ('2f7438a5-d9ff-4a4f-ac68-3baf2dc8adde', '2024-05-27 22:55:31.6N00000', '96e56e4e-88f6-4f50-8dfd-159ee0f98a46_525_bathroom.jpg', '123e4567-e89b-12d3-a456-426614174161'),
                                                                ('01e1023e-aaa8-4d97-99dd-f3c39aa3e403', '2024-05-27 22:55:31.6N00000', '3064bf7c-3432-41fb-87e6-e8eddf682017_201_bathroom.jpg', '123e4567-e89b-12d3-a456-426614174161'),
                                                                ('44340447-fa11-4674-bc2d-983c485645cb', '2024-05-27 22:55:31.6N00000', '6accaa23-8ea6-45d8-835f-09f1d32b68d0_254_bathroom.jpg', '123e4567-e89b-12d3-a456-426614174161'),
                                                                ('6d980736-3156-415d-8ad5-3cfb01b6888a', '2024-05-27 22:55:31.6N00000', '93052c96-dff7-4ecc-8fc2-f9556112e47e_437_frontal.jpg', '123e4567-e89b-12d3-a456-426614174161'),
                                                                ('ceefe528-d116-4e7a-9101-81307ab3184b', '2024-05-27 22:55:31.6N00000', 'dce6c358-3135-41a1-b243-4a6f14289146_181_bedroom.jpg', '123e4567-e89b-12d3-a456-426614174162'),
                                                                ('93108462-972c-4488-b233-bf95aa6e2493', '2024-05-27 22:55:31.6N00000', 'a07becb6-63dd-47d7-86d2-9b949f077271_167_frontal.jpg', '123e4567-e89b-12d3-a456-426614174162'),
                                                                ('7fcbf648-aea7-4a80-a291-38c4ce766bfe', '2024-05-27 22:55:31.6N00000', '6b15a8f2-15cc-4ebd-ad07-3927c1822728_389_bathroom.jpg', '123e4567-e89b-12d3-a456-426614174162'),
                                                                ('23217b79-a183-4a21-900b-ec5f656de725', '2024-05-27 22:55:31.6N00000', 'f2cf20ff-1b1a-44d1-a7d3-6f9fa5f3c0b2_323_bathroom.jpg', '123e4567-e89b-12d3-a456-426614174162'),
                                                                ('9bc86836-fe15-45ea-8bfa-9ca75219e2d4', '2024-05-27 22:55:31.6N00000', 'b809b501-663f-49ac-ad29-090a9d1721cd_376_bathroom.jpg', '123e4567-e89b-12d3-a456-426614174163'),
                                                                ('703e31c9-927f-48da-91c9-09123efa826e', '2024-05-27 22:55:31.6N00000', 'a3507950-1c39-41f7-8963-a34a22faa0a6_277_kitchen.jpg', '123e4567-e89b-12d3-a456-426614174163'),
                                                                ('70f00c49-15a9-4292-a81a-650a10782b42', '2024-05-27 22:55:31.6N00000', '6e58214b-241c-4ffb-8870-15dce9dbdcbc_407_bathroom.jpg', '123e4567-e89b-12d3-a456-426614174163'),
                                                                ('e39f970c-10e1-4171-855f-fd293cbccf6e', '2024-05-27 22:55:31.6N00000', 'c152ac66-5867-4f40-b2d4-e3cacf04bf80_257_bedroom.jpg', '123e4567-e89b-12d3-a456-426614174163'),
                                                                ('5aae1947-1ae2-452d-a149-4c07d88f11c0', '2024-05-27 22:55:31.6N00000', '34edc861-cd99-4a1f-ad56-e85d9e57c7b1_452_bathroom.jpg', '123e4567-e89b-12d3-a456-426614174164'),
                                                                ('c731d226-2e00-482d-97b7-32ba11a9da9d', '2024-05-27 22:55:31.6N00000', '236ca842-f182-4d0d-a0c9-310e2ff7ee17_365_kitchen.jpg', '123e4567-e89b-12d3-a456-426614174164'),
                                                                ('bfbc7009-26ca-4be3-8ef7-cec8f29fa125', '2024-05-27 22:55:31.6N00000', 'e65c7038-31b4-4585-9de9-6fc84aaf63ab_522_bathroom.jpg', '123e4567-e89b-12d3-a456-426614174164'),
                                                                ('812fec13-e7c8-4381-b79d-43f5f621fa38', '2024-05-27 22:55:31.6N00000', '0ec935de-adf5-4721-b5e5-ba16a543e919_345_bedroom.jpg', '123e4567-e89b-12d3-a456-426614174164'),
                                                                ('c943fb59-f602-46af-8b25-d5378a151507', '2024-05-27 22:55:31.6N00000', '07376a79-ee6e-4f4f-99a0-a6757e431cf3_70_frontal.jpg', '123e4567-e89b-12d3-a456-426614174165'),
                                                                ('0c868d3a-b1cc-4f61-910c-adad51c1c1d4', '2024-05-27 22:55:31.6N00000', 'f55dbdf0-a9fd-4f2f-9426-53277341a453_96_bedroom.jpg', '123e4567-e89b-12d3-a456-426614174165'),
                                                                ('4c24f921-699b-48ce-9ef9-0b6b5c71a2f7', '2024-05-27 22:55:31.6N00000', '48e5c2cd-ea35-4b41-9a14-4e45d76c316c_525_frontal.jpg', '123e4567-e89b-12d3-a456-426614174165'),
                                                                ('086b6759-a3c1-4cde-9a08-05c0d5726a7e', '2024-05-27 22:55:31.6N00000', 'cb28a7e5-f60a-4312-8c4d-d580fced2b0b_206_bathroom.jpg', '123e4567-e89b-12d3-a456-426614174165'),
                                                                ('a6e3e823-2b62-4e53-9363-ca6e4bb07da9', '2024-05-27 22:55:31.6N00000', 'c76810f9-d0e2-4eb5-a558-50c25e1485d6_253_bathroom.jpg', '123e4567-e89b-12d3-a456-426614174166'),
                                                                ('738b2b12-4cdf-4755-b89f-16164fc40001', '2024-05-27 22:55:31.6N00000', 'fefd00b2-c2d3-4002-a18e-d2a5367bb6aa_447_frontal.jpg', '123e4567-e89b-12d3-a456-426614174166'),
                                                                ('e0ed2068-a809-4ed8-b525-4148b35a3156', '2024-05-27 22:55:31.6N00000', 'b049a26f-f8d0-4210-be75-508cafabe8d6_117_frontal.jpg', '123e4567-e89b-12d3-a456-426614174166'),
                                                                ('2d666cc8-06a5-4c35-a092-06e350082bca', '2024-05-27 22:55:31.6N00000', 'd2b17175-682c-4291-9077-4546daff9111_324_bathroom.jpg', '123e4567-e89b-12d3-a456-426614174166'),
                                                                ('8f6d7f97-c6a5-4a7b-a2f0-d1b9d558a2eb', '2024-05-27 22:55:31.6N00000', 'b5a2250b-57f4-4463-b224-7f0894e81cda_371_bathroom.jpg', '123e4567-e89b-12d3-a456-426614174167'),
                                                                ('477bcf1a-86ec-4fb1-807b-46f3dba790b9', '2024-05-27 22:55:31.6N00000', 'a8a59600-3415-49e2-aeb7-37228836076d_481_kitchen.jpg', '123e4567-e89b-12d3-a456-426614174167'),
                                                                ('f4c3f31c-4627-408b-9fb2-f09ddd09ede2', '2024-05-27 22:55:31.6N00000', '07109aac-5732-4a66-83ca-706c49242d44_207_kitchen.jpg', '123e4567-e89b-12d3-a456-426614174167'),
                                                                ('9302474a-2669-4104-bf50-c9e8e61de6f0', '2024-05-27 22:55:31.6N00000', 'fef75717-5af9-4c1d-bdbd-de015eaf6788_398_kitchen.jpg', '123e4567-e89b-12d3-a456-426614174167'),
                                                                ('237edf4d-064f-4ad4-8770-b28f8fb50ad8', '2024-05-27 22:55:31.6N00000', '75cf9a94-626b-4167-99e9-90579aab89a3_400_bathroom.jpg', '123e4567-e89b-12d3-a456-426614174168'),
                                                                ('31aa7285-fc75-475a-9536-726e7c4717f3', '2024-05-27 22:55:31.6N00000', '0458488b-65e7-4d36-a3c0-8fd2de979dd0_455_bathroom.jpg', '123e4567-e89b-12d3-a456-426614174168'),
                                                                ('2016584f-c1db-4d5f-9246-85376c4f8c1c', '2024-05-27 22:55:31.6N00000', '592f14b0-2424-483f-93e9-7172272e1365_227_bedroom.jpg', '123e4567-e89b-12d3-a456-426614174168'),
                                                                ('7ba9ea40-7daa-4b1f-b0be-0965bc8212dd', '2024-05-27 22:55:31.6N00000', 'cb6b4cbb-5635-4a32-85ed-e5536043b7b3_150_frontal.jpg', '123e4567-e89b-12d3-a456-426614174168'),
                                                                ('c8f24f2a-710f-4759-bf56-fc3add002a47', '2024-05-27 22:55:31.6N00000', '0fe30095-566d-42b5-aef5-56339def5045_400_frontal.jpg', '123e4567-e89b-12d3-a456-426614174169'),
                                                                ('2d5b70c4-8db3-477f-97f4-f0b34715e1ca', '2024-05-27 22:55:31.6N00000', '2d2be7b0-bf84-4b73-bb00-1df8becf6b16_196_kitchen.jpg', '123e4567-e89b-12d3-a456-426614174169'),
                                                                ('4b4cd502-30e8-4654-9c1b-50c5dcc6112a', '2024-05-27 22:55:31.6N00000', 'e980773a-c6da-4a10-9193-1cfd7d1baadf_319_frontal.jpg', '123e4567-e89b-12d3-a456-426614174169'),
                                                                ('7911e498-46a3-44df-978d-34f571322860', '2024-05-27 22:55:31.6N00000', '5082fe0c-f011-4524-b048-9ee08884e539_240_kitchen.jpg', '123e4567-e89b-12d3-a456-426614174169'),
                                                                ('f4a219a0-6d04-4b31-b741-46b3703f2501', '2024-05-27 22:55:31.6N00000', 'bcc3fbd2-3ffd-442a-bc91-721582603ea6_260_bedroom.jpg', '123e4567-e89b-12d3-a456-426614174170'),
                                                                ('818985a0-8e49-449e-9c9b-ac3e47507543', '2024-05-27 22:55:31.6N00000', '2d7610e3-82cb-4cc6-98a4-8cef607f3f5d_286_frontal.jpg', '123e4567-e89b-12d3-a456-426614174170'),
                                                                ('fc27f099-fd6f-460a-bb36-4434e57601a8', '2024-05-27 22:55:31.6N00000', 'b6e85a63-1b64-40b9-b1f1-527147ae8c57_322_kitchen.jpg', '123e4567-e89b-12d3-a456-426614174170'),
                                                                ('f972f682-b382-407c-b07d-cafac7c613e8', '2024-05-27 22:55:31.6N00000', '829c11d5-f388-4bb6-b473-22cffe03bc07_302_bedroom.jpg', '123e4567-e89b-12d3-a456-426614174170'),
                                                                ('b355757b-dddf-464e-96f9-db5e0a735dcd', '2024-05-27 22:55:31.6N00000', '9943df01-f3d0-45cc-9c56-6f3baba65205_37_frontal.jpg', '123e4567-e89b-12d3-a456-426614174171'),
                                                                ('28e50480-9700-416d-b198-cf6820bf5c6c', '2024-05-27 22:55:31.6N00000', '73a30771-eb5c-4288-bf73-fa18d438a9a7_120_frontal.jpg', '123e4567-e89b-12d3-a456-426614174171'),
                                                                ('17d66ffd-4cad-47a4-82aa-eb2cf91de7fa', '2024-05-27 22:55:31.6N00000', '9c799d24-bdc0-4200-b3f6-a70f93be2cfd_496_bedroom.jpg', '123e4567-e89b-12d3-a456-426614174171'),
                                                                ('f4ebc925-24ec-4b69-ba6b-390e6ebf159f', '2024-05-27 22:55:31.6N00000', 'b1310dbe-9ffe-4c3b-8ca3-56cdacbafb51_470_frontal.jpg', '123e4567-e89b-12d3-a456-426614174171'),
                                                                ('a296c033-90f7-42c0-9fea-f9a1ef8130ae', '2024-05-27 22:55:31.6N00000', '92dd558a-20fe-4b9d-bcb5-de3ccec3a8e7_529_kitchen.jpg', '123e4567-e89b-12d3-a456-426614174172'),
                                                                ('9f5c2d75-8300-40e5-8b07-d22edbf335f7', '2024-05-27 22:55:31.6N00000', 'eebcb902-5210-4ec5-8041-4a9fcfc97aa7_509_bedroom.jpg', '123e4567-e89b-12d3-a456-426614174172'),
                                                                ('8f6c366b-2fde-4b6f-b64b-39a618f60de0', '2024-05-27 22:55:31.6N00000', 'efe8342a-7345-4f3f-a43d-586865b77e83_119_bathroom.jpg', '123e4567-e89b-12d3-a456-426614174172'),
                                                                ('ef69833d-1801-4caa-9e98-b1f9ef90ce60', '2024-05-27 22:55:31.6N00000', '57992b16-1505-4b8c-b64d-9b48923378f2_230_kitchen.jpg', '123e4567-e89b-12d3-a456-426614174172'),
                                                                ('0ac891b1-4ab6-4744-820f-e672ce6f2900', '2024-05-27 22:55:31.6N00000', 'd990fd4a-a283-487e-9cbc-2fad95b2b612_369_frontal.jpg', '123e4567-e89b-12d3-a456-426614174173'),
                                                                ('207f2e18-d057-4223-ad33-df6761a4a0e1', '2024-05-27 22:55:31.6N00000', '644d5cc2-79c3-41c7-a580-980cfd8eb8ed_210_bedroom.jpg', '123e4567-e89b-12d3-a456-426614174173'),
                                                                ('e05f4ffc-3798-406e-9217-085e2d155d6d', '2024-05-27 22:55:31.6N00000', '14d0bdf4-4d44-4ba2-9136-aa72e70cfd66_352_kitchen.jpg', '123e4567-e89b-12d3-a456-426614174173'),
                                                                ('9dc02a09-3ffe-46d8-b31b-90e4e5ea8cb4', '2024-05-27 22:55:31.6N00000', '8f1c870c-1c31-4064-a5cb-ad0c0c845e6f_394_frontal.jpg', '123e4567-e89b-12d3-a456-426614174173'),
                                                                ('626e2870-a93e-4d10-be0b-cdd18f1a126a', '2024-05-27 22:55:31.6N00000', '66c84ecc-d3d6-4189-8347-2f7bffbe748b_372_bedroom.jpg', '123e4567-e89b-12d3-a456-426614174174'),
                                                                ('98dc2b6f-0af8-4d2a-b0d4-1e64d1d3eabc', '2024-05-27 22:55:31.6N00000', '30a89447-9e9a-4804-a785-9d580749e47c_47_frontal.jpg', '123e4567-e89b-12d3-a456-426614174174'),
                                                                ('754ce76b-9fb5-4f95-a07a-2158070fd7bd', '2024-05-27 22:55:31.6N00000', '8d6d93bf-3e94-42fa-8462-c9c8a8d7760c_512_frontal.jpg', '123e4567-e89b-12d3-a456-426614174174'),
                                                                ('88795fc4-0220-49e2-8e56-fc56cd2c32ff', '2024-05-27 22:55:31.6N00000', '77c2adb4-e171-41a9-97dd-37aed971e264_81_kitchen.jpg', '123e4567-e89b-12d3-a456-426614174174'),
                                                                ('085d51a4-ea60-4daa-99ea-100e83042e38', '2024-05-27 22:55:31.6N00000', 'f61d7bc6-ef7f-4844-a7c5-95a4226c5e5c_19_frontal.jpg', '123e4567-e89b-12d3-a456-426614174175'),
                                                                ('a3ac38d9-e37a-45ab-acfa-6623c2bd5fe9', '2024-05-27 22:55:31.6N00000', '151a56f1-3763-4d79-a268-b24befa75269_145_kitchen.jpg', '123e4567-e89b-12d3-a456-426614174175'),
                                                                ('0b611efb-4e22-4b00-b694-bedfb3fef58d', '2024-05-27 22:55:31.6N00000', 'b6249fc5-fcc4-4261-83bf-fbe14c405886_415_kitchen.jpg', '123e4567-e89b-12d3-a456-426614174175'),
                                                                ('4c7b2b01-5343-4b43-aa3f-fc554c27de5a', '2024-05-27 22:55:31.6N00000', '934821af-13ed-42c2-b4ea-a5e61026c1fd_183_frontal.jpg', '123e4567-e89b-12d3-a456-426614174175'),
                                                                ('86daa553-b86a-4f0f-8d19-5131ebb88dc8', '2024-05-27 22:55:31.6N00000', 'efbfd964-3afa-421b-a7a7-80d3346e6ea8_435_bedroom.jpg', '123e4567-e89b-12d3-a456-426614174176'),
                                                                ('41336d51-c4ef-40cf-b12d-ca9728110fcf', '2024-05-27 22:55:32.6N00000', 'ec09c0e8-3404-47fe-b7da-89e12a92e4ed_4_kitchen.jpg', '123e4567-e89b-12d3-a456-426614174176'),
                                                                ('31baa213-0603-4bbf-b709-f6037e9ebf1d', '2024-05-27 22:55:32.6N00000', 'b08cf004-489b-48e1-b575-d4aaf5815b15_500_bathroom.jpg', '123e4567-e89b-12d3-a456-426614174176'),
                                                                ('267c160c-f6ec-4391-ae13-938a933b8179', '2024-05-27 22:55:32.6N00000', 'b793c3f1-fd8a-4f52-b805-b10f0b134675_165_bedroom.jpg', '123e4567-e89b-12d3-a456-426614174176'),
                                                                ('84d08b8a-2d0d-411d-9960-1f25145c8523', '2024-05-27 22:55:32.6N00000', 'cb638897-7f45-4a9f-b400-e56f69fa1c21_255_frontal.jpg', '123e4567-e89b-12d3-a456-426614174177'),
                                                                ('452c7552-4132-43fb-acb2-82831aed983f', '2024-05-27 22:55:32.6N00000', 'd1a410c2-cf0b-4513-af19-b09f5baf2e9f_293_kitchen.jpg', '123e4567-e89b-12d3-a456-426614174177'),
                                                                ('c0734a3f-ff5b-4407-9e13-c2eacce7ac8a', '2024-05-27 22:55:32.6N00000', 'be5c2329-b932-44c7-ba7d-5e47de1062b7_271_bathroom.jpg', '123e4567-e89b-12d3-a456-426614174177'),
                                                                ('9cf20882-e51f-4dc4-9547-5a355b6c30ed', '2024-05-27 22:55:32.6N00000', '2a4221cd-47d6-4f79-a6ef-4f2c4fa0e0ff_224_bathroom.jpg', '123e4567-e89b-12d3-a456-426614174177'),
                                                                ('757dbd63-d730-462a-8203-4c0b0dacfd2f', '2024-05-27 22:55:32.6N00000', '3fabeb4e-edea-44b8-a226-eb154569b85a_337_frontal.jpg', '123e4567-e89b-12d3-a456-426614174178'),
                                                                ('41c38f7f-822b-49b8-9baf-01c7b083ddbc', '2024-05-27 22:55:32.6N00000', '7d8ed98c-175a-46be-a36f-16ebe6f97c0f_353_bathroom.jpg', '123e4567-e89b-12d3-a456-426614174178'),
                                                                ('133ddb97-6a0c-4ae2-b780-89959bbe7165', '2024-05-27 22:55:32.6N00000', 'e4721605-9638-445f-a739-b93e7c21116f_306_bathroom.jpg', '123e4567-e89b-12d3-a456-426614174178'),
                                                                ('b39b0090-7a76-4d38-b601-8c42d3a9a9a0', '2024-05-27 22:55:32.6N00000', '573ad58e-0edf-42c4-a245-2b7ad40159e0_198_bedroom.jpg', '123e4567-e89b-12d3-a456-426614174178'),
                                                                ('30c6cc5b-ce15-4388-bad0-3d67aada224c', '2024-05-27 22:55:32.6N00000', '744d6d7e-6ab7-4abd-aa7d-0c92a58b78d8_22_kitchen.jpg', '123e4567-e89b-12d3-a456-426614174179'),
                                                                ('d1a4e5c6-55a7-4e32-b85b-78f10f4f07f0', '2024-05-27 22:55:32.6N00000', '0433850f-4656-45d4-8eaa-ed8186385138_488_bathroom.jpg', '123e4567-e89b-12d3-a456-426614174179'),
                                                                ('2aa6de7d-fe19-4d49-96eb-efb58fe0ec42', '2024-05-27 22:55:32.6N00000', '15a90b51-002c-4930-8811-4cd5df536cd1_477_bathroom.jpg', '123e4567-e89b-12d3-a456-426614174179'),
                                                                ('e27501d7-f816-48b0-a752-9d0f765bbc11', '2024-05-27 22:55:32.6N00000', 'a076c62c-faee-4a02-8fae-e12bbcdc7f23_422_bathroom.jpg', '123e4567-e89b-12d3-a456-426614174179'),
                                                                ('16f448ae-6bd3-4dcb-9500-344d7df2b48c', '2024-05-27 22:55:32.6N00000', '780864aa-72da-4b1a-9595-4e366e4b4bea_135_kitchen.jpg', '123e4567-e89b-12d3-a456-426614174180'),
                                                                ('c1bc07c4-aa95-4e20-94cb-c5877f437072', '2024-05-27 22:55:32.6N00000', '617cba19-b219-4602-aaaf-834595fdf0da_69_frontal.jpg', '123e4567-e89b-12d3-a456-426614174180'),
                                                                ('6d45c8f8-9645-4ad3-892e-688d19e6d601', '2024-05-27 22:55:32.6N00000', '9704dbea-f029-4e48-a170-4693504bd91a_465_kitchen.jpg', '123e4567-e89b-12d3-a456-426614174180'),
                                                                ('f22f9bd8-43cc-4622-af4f-1667745bab75', '2024-05-27 22:55:32.6N00000', '7b1a256c-25be-418f-b1f2-18e81716c449_445_bedroom.jpg', '123e4567-e89b-12d3-a456-426614174180'),
                                                                ('f68fd0e9-00ed-425d-90d7-771e7888c9e1', '2024-05-27 22:55:32.6N00000', '67efa341-292d-494e-b854-f846a6443ac2_115_bedroom.jpg', '123e4567-e89b-12d3-a456-426614174181'),
                                                                ('3eefffb2-c388-4015-86bb-fb9e1f97cd8a', '2024-05-27 22:55:32.6N00000', '14831691-a60e-4fe9-bc37-c64b0bfbea9a_507_bathroom.jpg', '123e4567-e89b-12d3-a456-426614174181'),
                                                                ('5265fdb6-3cd7-40f5-80a5-aaec88afd83a', '2024-05-27 22:55:32.6N00000', '894fb308-9f13-47a4-9bed-6b807b6bf66a_225_frontal.jpg', '123e4567-e89b-12d3-a456-426614174181'),
                                                                ('7dae7cb3-fdb1-4ade-9fdb-f05bed3d2ecb', '2024-05-27 22:55:32.6N00000', '1383fd92-89a1-4d9e-8cd0-ab1bf91a944e_276_bathroom.jpg', '123e4567-e89b-12d3-a456-426614174181'),
                                                                ('c97307e9-279e-43e2-b616-6f74e5627d49', '2024-05-27 22:55:32.6N00000', '5b239005-4334-4954-a958-be2252c01208_223_bathroom.jpg', '123e4567-e89b-12d3-a456-426614174182'),
                                                                ('9bbeb4dd-5869-4dff-920b-66bb03ed2629', '2024-05-27 22:55:32.6N00000', 'ec75e6c6-f708-4b74-829c-1dc8a1a2f9ed_289_bathroom.jpg', '123e4567-e89b-12d3-a456-426614174182'),
                                                                ('2aa3fdea-3638-4af1-8c0c-1b503421e283', '2024-05-27 22:55:32.6N00000', '2395ceef-c6fe-4265-a1ce-ecfa3738b84a_347_frontal.jpg', '123e4567-e89b-12d3-a456-426614174182'),
                                                                ('6ac6901c-ba86-49a0-9765-6cf392295106', '2024-05-27 22:55:32.6N00000', '3454db04-6ea0-420f-b531-9a4073b3d09a_381_kitchen.jpg', '123e4567-e89b-12d3-a456-426614174182');


